,Concentration,Sensor,Readings,1-Octanol,1-Propanol,2-Butanol,2-propanol,1-isobutanol,Alcohol
0,0.2,0.5,-10.06,1,0,0,0,0,1-Octanol
1,0.2,0.5,-10.62,1,0,0,0,0,1-Octanol
2,0.3,0.5,-14.43,1,0,0,0,0,1-Octanol
3,0.3,0.5,-18.31,1,0,0,0,0,1-Octanol
4,0.4,0.5,-24.64,1,0,0,0,0,1-Octanol
5,0.4,0.5,-30.56,1,0,0,0,0,1-Octanol
6,0.5,0.5,-38.62,1,0,0,0,0,1-Octanol
7,0.5,0.5,-45.59,1,0,0,0,0,1-Octanol
8,0.6,0.5,-54.89,1,0,0,0,0,1-Octanol
9,0.6,0.5,-62.28,1,0,0,0,0,1-Octanol
10,0.2,0.5,-9.69,1,0,0,0,0,1-Octanol
11,0.2,0.5,-10.86,1,0,0,0,0,1-Octanol
12,0.3,0.5,-16.73,1,0,0,0,0,1-Octanol
13,0.3,0.5,-21.75,1,0,0,0,0,1-Octanol
14,0.4,0.5,-28.47,1,0,0,0,0,1-Octanol
15,0.4,0.5,-35.83,1,0,0,0,0,1-Octanol
16,0.5,0.5,-43.65,1,0,0,0,0,1-Octanol
17,0.5,0.5,-52.43,1,0,0,0,0,1-Octanol
18,0.6,0.5,-61.92,1,0,0,0,0,1-Octanol
19,0.6,0.5,-71.27,1,0,0,0,0,1-Octanol
20,0.2,0.5,-12.07,1,0,0,0,0,1-Octanol
21,0.2,0.5,-14.28,1,0,0,0,0,1-Octanol
22,0.3,0.5,-21.54,1,0,0,0,0,1-Octanol
23,0.3,0.5,-27.92,1,0,0,0,0,1-Octanol
24,0.4,0.5,-35.19,1,0,0,0,0,1-Octanol
25,0.4,0.5,-43.94,1,0,0,0,0,1-Octanol
26,0.5,0.5,-52.04,1,0,0,0,0,1-Octanol
27,0.5,0.5,-62.49,1,0,0,0,0,1-Octanol
28,0.6,0.5,-71.97,1,0,0,0,0,1-Octanol
29,0.6,0.5,-83.1,1,0,0,0,0,1-Octanol
30,0.2,0.5,-14.21,1,0,0,0,0,1-Octanol
31,0.2,0.5,-17.41,1,0,0,0,0,1-Octanol
32,0.3,0.5,-25.91,1,0,0,0,0,1-Octanol
33,0.3,0.5,-33.36,1,0,0,0,0,1-Octanol
34,0.4,0.5,-41.29,1,0,0,0,0,1-Octanol
35,0.4,0.5,-51.27,1,0,0,0,0,1-Octanol
36,0.5,0.5,-59.94,1,0,0,0,0,1-Octanol
37,0.5,0.5,-71.55,1,0,0,0,0,1-Octanol
38,0.6,0.5,-81.51,1,0,0,0,0,1-Octanol
39,0.6,0.5,-93.83,1,0,0,0,0,1-Octanol
40,0.2,0.5,-16.57,1,0,0,0,0,1-Octanol
41,0.2,0.5,-20.35,1,0,0,0,0,1-Octanol
42,0.3,0.5,-29.97,1,0,0,0,0,1-Octanol
43,0.3,0.5,-37.84,1,0,0,0,0,1-Octanol
44,0.4,0.5,-47.03,1,0,0,0,0,1-Octanol
45,0.4,0.5,-57.29,1,0,0,0,0,1-Octanol
46,0.5,0.5,-67.13,1,0,0,0,0,1-Octanol
47,0.5,0.5,-78.96,1,0,0,0,0,1-Octanol
48,0.6,0.5,-90.01,1,0,0,0,0,1-Octanol
49,0.6,0.5,-102.65,1,0,0,0,0,1-Octanol
50,0.2,0.5,-75.61,0,1,0,0,0,1-Propanol
51,0.2,0.5,-64.1,0,1,0,0,0,1-Propanol
52,0.3,0.5,-122.08,0,1,0,0,0,1-Propanol
53,0.3,0.5,-102.17,0,1,0,0,0,1-Propanol
54,0.4,0.5,-174.79,0,1,0,0,0,1-Propanol
55,0.4,0.5,-145.5,0,1,0,0,0,1-Propanol
56,0.5,0.5,-214.69,0,1,0,0,0,1-Propanol
57,0.5,0.5,-177.3,0,1,0,0,0,1-Propanol
58,0.6,0.5,-250.83,0,1,0,0,0,1-Propanol
59,0.6,0.5,-207.99,0,1,0,0,0,1-Propanol
60,0.2,0.5,-76.28,0,1,0,0,0,1-Propanol
61,0.2,0.5,-64.53,0,1,0,0,0,1-Propanol
62,0.3,0.5,-123.4,0,1,0,0,0,1-Propanol
63,0.3,0.5,-103.06,0,1,0,0,0,1-Propanol
64,0.4,0.5,-174.74,0,1,0,0,0,1-Propanol
65,0.4,0.5,-144.98,0,1,0,0,0,1-Propanol
66,0.5,0.5,-206.75,0,1,0,0,0,1-Propanol
67,0.5,0.5,-170.68,0,1,0,0,0,1-Propanol
68,0.6,0.5,-240.14,0,1,0,0,0,1-Propanol
69,0.6,0.5,-200.05,0,1,0,0,0,1-Propanol
70,0.2,0.5,-76.96,0,1,0,0,0,1-Propanol
71,0.2,0.5,-65.37,0,1,0,0,0,1-Propanol
72,0.3,0.5,-124.5,0,1,0,0,0,1-Propanol
73,0.3,0.5,-103.87,0,1,0,0,0,1-Propanol
74,0.4,0.5,-169.93,0,1,0,0,0,1-Propanol
75,0.4,0.5,-140.56,0,1,0,0,0,1-Propanol
76,0.5,0.5,-200.89,0,1,0,0,0,1-Propanol
77,0.5,0.5,-165.88,0,1,0,0,0,1-Propanol
78,0.6,0.5,-232.82,0,1,0,0,0,1-Propanol
79,0.6,0.5,-194.7,0,1,0,0,0,1-Propanol
80,0.2,0.5,-78.29,0,1,0,0,0,1-Propanol
81,0.2,0.5,-66.49,0,1,0,0,0,1-Propanol
82,0.3,0.5,-125.78,0,1,0,0,0,1-Propanol
83,0.3,0.5,-104.77,0,1,0,0,0,1-Propanol
84,0.4,0.5,-165.42,0,1,0,0,0,1-Propanol
85,0.4,0.5,-136.17,0,1,0,0,0,1-Propanol
86,0.5,0.5,-196.1,0,1,0,0,0,1-Propanol
87,0.5,0.5,-161.99,0,1,0,0,0,1-Propanol
88,0.6,0.5,-226.89,0,1,0,0,0,1-Propanol
89,0.6,0.5,-189.57,0,1,0,0,0,1-Propanol
90,0.2,0.5,-79.62,0,1,0,0,0,1-Propanol
91,0.2,0.5,-66.85,0,1,0,0,0,1-Propanol
92,0.3,0.5,-126.61,0,1,0,0,0,1-Propanol
93,0.3,0.5,-104.38,0,1,0,0,0,1-Propanol
94,0.4,0.5,-162.73,0,1,0,0,0,1-Propanol
95,0.4,0.5,-133.26,0,1,0,0,0,1-Propanol
96,0.5,0.5,-194.87,0,1,0,0,0,1-Propanol
97,0.5,0.5,-160.68,0,1,0,0,0,1-Propanol
98,0.6,0.5,-221.33,0,1,0,0,0,1-Propanol
99,0.6,0.5,-183.81,0,1,0,0,0,1-Propanol
100,0.2,0.5,-88.03,0,0,1,0,0,2-Butanol
101,0.2,0.5,-76.88,0,0,1,0,0,2-Butanol
102,0.3,0.5,-128.47,0,0,1,0,0,2-Butanol
103,0.3,0.5,-124.36,0,0,1,0,0,2-Butanol
104,0.4,0.5,-177.13,0,0,1,0,0,2-Butanol
105,0.4,0.5,-175.21,0,0,1,0,0,2-Butanol
106,0.5,0.5,-220.91,0,0,1,0,0,2-Butanol
107,0.5,0.5,-218.92,0,0,1,0,0,2-Butanol
108,0.6,0.5,-274.27,0,0,1,0,0,2-Butanol
109,0.6,0.5,-268.55,0,0,1,0,0,2-Butanol
110,0.2,0.5,-91.08,0,0,1,0,0,2-Butanol
111,0.2,0.5,-79.42,0,0,1,0,0,2-Butanol
112,0.3,0.5,-131.32,0,0,1,0,0,2-Butanol
113,0.3,0.5,-125.91,0,0,1,0,0,2-Butanol
114,0.4,0.5,-182.66,0,0,1,0,0,2-Butanol
115,0.4,0.5,-178.76,0,0,1,0,0,2-Butanol
116,0.5,0.5,-224.73,0,0,1,0,0,2-Butanol
117,0.5,0.5,-221.49,0,0,1,0,0,2-Butanol
118,0.6,0.5,-272.67,0,0,1,0,0,2-Butanol
119,0.6,0.5,-266.15,0,0,1,0,0,2-Butanol
120,0.2,0.5,-92.08,0,0,1,0,0,2-Butanol
121,0.2,0.5,-80.56,0,0,1,0,0,2-Butanol
122,0.3,0.5,-132.5,0,0,1,0,0,2-Butanol
123,0.3,0.5,-126.99,0,0,1,0,0,2-Butanol
124,0.4,0.5,-183.33,0,0,1,0,0,2-Butanol
125,0.4,0.5,-179.25,0,0,1,0,0,2-Butanol
126,0.5,0.5,-222.6,0,0,1,0,0,2-Butanol
127,0.5,0.5,-219.52,0,0,1,0,0,2-Butanol
128,0.6,0.5,-264.81,0,0,1,0,0,2-Butanol
129,0.6,0.5,-259.99,0,0,1,0,0,2-Butanol
130,0.2,0.5,-92.58,0,0,1,0,0,2-Butanol
131,0.2,0.5,-81.3,0,0,1,0,0,2-Butanol
132,0.3,0.5,-133.54,0,0,1,0,0,2-Butanol
133,0.3,0.5,-127.76,0,0,1,0,0,2-Butanol
134,0.4,0.5,-182.34,0,0,1,0,0,2-Butanol
135,0.4,0.5,-177.94,0,0,1,0,0,2-Butanol
136,0.5,0.5,-217.73,0,0,1,0,0,2-Butanol
137,0.5,0.5,-215.09,0,0,1,0,0,2-Butanol
138,0.6,0.5,-255.14,0,0,1,0,0,2-Butanol
139,0.6,0.5,-251.88,0,0,1,0,0,2-Butanol
140,0.2,0.5,-93.29,0,0,1,0,0,2-Butanol
141,0.2,0.5,-81.88,0,0,1,0,0,2-Butanol
142,0.3,0.5,-133.96,0,0,1,0,0,2-Butanol
143,0.3,0.5,-127.68,0,0,1,0,0,2-Butanol
144,0.4,0.5,-178.29,0,0,1,0,0,2-Butanol
145,0.4,0.5,-173.59,0,0,1,0,0,2-Butanol
146,0.5,0.5,-211.85,0,0,1,0,0,2-Butanol
147,0.5,0.5,-209.7,0,0,1,0,0,2-Butanol
148,0.6,0.5,-248.13,0,0,1,0,0,2-Butanol
149,0.6,0.5,-245.84,0,0,1,0,0,2-Butanol
150,0.2,0.5,-68.84,0,0,0,1,0,2-propanol
151,0.2,0.5,-78.0,0,0,0,1,0,2-propanol
152,0.3,0.5,-97.04,0,0,0,1,0,2-propanol
153,0.3,0.5,-107.38,0,0,0,1,0,2-propanol
154,0.4,0.5,-128.66,0,0,0,1,0,2-propanol
155,0.4,0.5,-138.16,0,0,0,1,0,2-propanol
156,0.5,0.5,-152.78,0,0,0,1,0,2-propanol
157,0.5,0.5,-159.83,0,0,0,1,0,2-propanol
158,0.6,0.5,-185.98,0,0,0,1,0,2-propanol
159,0.6,0.5,-191.71,0,0,0,1,0,2-propanol
160,0.2,0.5,-67.95,0,0,0,1,0,2-propanol
161,0.2,0.5,-76.82,0,0,0,1,0,2-propanol
162,0.3,0.5,-95.08,0,0,0,1,0,2-propanol
163,0.3,0.5,-105.21,0,0,0,1,0,2-propanol
164,0.4,0.5,-123.29,0,0,0,1,0,2-propanol
165,0.4,0.5,-132.91,0,0,0,1,0,2-propanol
166,0.5,0.5,-146.27,0,0,0,1,0,2-propanol
167,0.5,0.5,-153.75,0,0,0,1,0,2-propanol
168,0.6,0.5,-176.94,0,0,0,1,0,2-propanol
169,0.6,0.5,-184.07,0,0,0,1,0,2-propanol
170,0.2,0.5,-67.29,0,0,0,1,0,2-propanol
171,0.2,0.5,-75.99,0,0,0,1,0,2-propanol
172,0.3,0.5,-94.75,0,0,0,1,0,2-propanol
173,0.3,0.5,-104.77,0,0,0,1,0,2-propanol
174,0.4,0.5,-118.7,0,0,0,1,0,2-propanol
175,0.4,0.5,-128.29,0,0,0,1,0,2-propanol
176,0.5,0.5,-142.31,0,0,0,1,0,2-propanol
177,0.5,0.5,-150.07,0,0,0,1,0,2-propanol
178,0.6,0.5,-172.51,0,0,0,1,0,2-propanol
179,0.6,0.5,-180.33,0,0,0,1,0,2-propanol
180,0.2,0.5,-66.38,0,0,0,1,0,2-propanol
181,0.2,0.5,-74.97,0,0,0,1,0,2-propanol
182,0.3,0.5,-93.75,0,0,0,1,0,2-propanol
183,0.3,0.5,-103.66,0,0,0,1,0,2-propanol
184,0.4,0.5,-114.96,0,0,0,1,0,2-propanol
185,0.4,0.5,-124.23,0,0,0,1,0,2-propanol
186,0.5,0.5,-139.18,0,0,0,1,0,2-propanol
187,0.5,0.5,-147.22,0,0,0,1,0,2-propanol
188,0.6,0.5,-170.52,0,0,0,1,0,2-propanol
189,0.6,0.5,-178.7,0,0,0,1,0,2-propanol
190,0.2,0.5,-66.12,0,0,0,1,0,2-propanol
191,0.2,0.5,-74.25,0,0,0,1,0,2-propanol
192,0.3,0.5,-93.09,0,0,0,1,0,2-propanol
193,0.3,0.5,-102.5,0,0,0,1,0,2-propanol
194,0.4,0.5,-111.78,0,0,0,1,0,2-propanol
195,0.4,0.5,-120.95,0,0,0,1,0,2-propanol
196,0.5,0.5,-136.83,0,0,0,1,0,2-propanol
197,0.5,0.5,-145.02,0,0,0,1,0,2-propanol
198,0.6,0.5,-168.05,0,0,0,1,0,2-propanol
199,0.6,0.5,-175.16,0,0,0,1,0,2-propanol
200,0.2,0.5,-65.56,0,0,0,0,1,1-isobutanol
201,0.2,0.5,-71.66,0,0,0,0,1,1-isobutanol
202,0.3,0.5,-100.34,0,0,0,0,1,1-isobutanol
203,0.3,0.5,-109.75,0,0,0,0,1,1-isobutanol
204,0.4,0.5,-148.72,0,0,0,0,1,1-isobutanol
205,0.4,0.5,-157.43,0,0,0,0,1,1-isobutanol
206,0.5,0.5,-208.83,0,0,0,0,1,1-isobutanol
207,0.5,0.5,-212.29,0,0,0,0,1,1-isobutanol
208,0.6,0.5,-268.57,0,0,0,0,1,1-isobutanol
209,0.6,0.5,-268.95,0,0,0,0,1,1-isobutanol
210,0.2,0.5,-65.95,0,0,0,0,1,1-isobutanol
211,0.2,0.5,-72.17,0,0,0,0,1,1-isobutanol
212,0.3,0.5,-101.82,0,0,0,0,1,1-isobutanol
213,0.3,0.5,-111.37,0,0,0,0,1,1-isobutanol
214,0.4,0.5,-151.04,0,0,0,0,1,1-isobutanol
215,0.4,0.5,-159.59,0,0,0,0,1,1-isobutanol
216,0.5,0.5,-211.86,0,0,0,0,1,1-isobutanol
217,0.5,0.5,-214.85,0,0,0,0,1,1-isobutanol
218,0.6,0.5,-269.62,0,0,0,0,1,1-isobutanol
219,0.6,0.5,-270.97,0,0,0,0,1,1-isobutanol
220,0.2,0.5,-66.42,0,0,0,0,1,1-isobutanol
221,0.2,0.5,-72.72,0,0,0,0,1,1-isobutanol
222,0.3,0.5,-103.32,0,0,0,0,1,1-isobutanol
223,0.3,0.5,-112.74,0,0,0,0,1,1-isobutanol
224,0.4,0.5,-152.73,0,0,0,0,1,1-isobutanol
225,0.4,0.5,-161.12,0,0,0,0,1,1-isobutanol
226,0.5,0.5,-215.4,0,0,0,0,1,1-isobutanol
227,0.5,0.5,-217.42,0,0,0,0,1,1-isobutanol
228,0.6,0.5,-269.84,0,0,0,0,1,1-isobutanol
229,0.6,0.5,-271.73,0,0,0,0,1,1-isobutanol
230,0.2,0.5,-66.51,0,0,0,0,1,1-isobutanol
231,0.2,0.5,-73.04,0,0,0,0,1,1-isobutanol
232,0.3,0.5,-104.47,0,0,0,0,1,1-isobutanol
233,0.3,0.5,-113.72,0,0,0,0,1,1-isobutanol
234,0.4,0.5,-154.3,0,0,0,0,1,1-isobutanol
235,0.4,0.5,-162.43,0,0,0,0,1,1-isobutanol
236,0.5,0.5,-216.46,0,0,0,0,1,1-isobutanol
237,0.5,0.5,-217.99,0,0,0,0,1,1-isobutanol
238,0.6,0.5,-267.13,0,0,0,0,1,1-isobutanol
239,0.6,0.5,-269.45,0,0,0,0,1,1-isobutanol
240,0.2,0.5,-66.68,0,0,0,0,1,1-isobutanol
241,0.2,0.5,-73.19,0,0,0,0,1,1-isobutanol
242,0.3,0.5,-105.21,0,0,0,0,1,1-isobutanol
243,0.3,0.5,-113.27,0,0,0,0,1,1-isobutanol
244,0.4,0.5,-154.42,0,0,0,0,1,1-isobutanol
245,0.4,0.5,-161.48,0,0,0,0,1,1-isobutanol
246,0.5,0.5,-215.52,0,0,0,0,1,1-isobutanol
247,0.5,0.5,-216.68,0,0,0,0,1,1-isobutanol
248,0.6,0.5,-262.01,0,0,0,0,1,1-isobutanol
249,0.6,0.5,-263.28,0,0,0,0,1,1-isobutanol
250,0.2,1.0,-11.82,1,0,0,0,0,1-Octanol
251,0.2,1.0,-13.29,1,0,0,0,0,1-Octanol
252,0.3,1.0,-19.32,1,0,0,0,0,1-Octanol
253,0.3,1.0,-26.28,1,0,0,0,0,1-Octanol
254,0.4,1.0,-38.14,1,0,0,0,0,1-Octanol
255,0.4,1.0,-50.09,1,0,0,0,0,1-Octanol
256,0.5,1.0,-59.78,1,0,0,0,0,1-Octanol
257,0.5,1.0,-75.04,1,0,0,0,0,1-Octanol
258,0.6,1.0,-85.63,1,0,0,0,0,1-Octanol
259,0.6,1.0,-104.66,1,0,0,0,0,1-Octanol
260,0.2,1.0,-11.54,1,0,0,0,0,1-Octanol
261,0.2,1.0,-14.18,1,0,0,0,0,1-Octanol
262,0.3,1.0,-25.35,1,0,0,0,0,1-Octanol
263,0.3,1.0,-32.75,1,0,0,0,0,1-Octanol
264,0.4,1.0,-48.77,1,0,0,0,0,1-Octanol
265,0.4,1.0,-60.08,1,0,0,0,0,1-Octanol
266,0.5,1.0,-75.41,1,0,0,0,0,1-Octanol
267,0.5,1.0,-89.72,1,0,0,0,0,1-Octanol
268,0.6,1.0,-104.25,1,0,0,0,0,1-Octanol
269,0.6,1.0,-121.9,1,0,0,0,0,1-Octanol
270,0.2,1.0,-12.45,1,0,0,0,0,1-Octanol
271,0.2,1.0,-15.81,1,0,0,0,0,1-Octanol
272,0.3,1.0,-33.33,1,0,0,0,0,1-Octanol
273,0.3,1.0,-40.64,1,0,0,0,0,1-Octanol
274,0.4,1.0,-61.5,1,0,0,0,0,1-Octanol
275,0.4,1.0,-72.12,1,0,0,0,0,1-Octanol
276,0.5,1.0,-91.75,1,0,0,0,0,1-Octanol
277,0.5,1.0,-104.67,1,0,0,0,0,1-Octanol
278,0.6,1.0,-124.21,1,0,0,0,0,1-Octanol
279,0.6,1.0,-139.76,1,0,0,0,0,1-Octanol
280,0.2,1.0,-14.67,1,0,0,0,0,1-Octanol
281,0.2,1.0,-18.49,1,0,0,0,0,1-Octanol
282,0.3,1.0,-40.56,1,0,0,0,0,1-Octanol
283,0.3,1.0,-47.67,1,0,0,0,0,1-Octanol
284,0.4,1.0,-72.11,1,0,0,0,0,1-Octanol
285,0.4,1.0,-82.19,1,0,0,0,0,1-Octanol
286,0.5,1.0,-106.26,1,0,0,0,0,1-Octanol
287,0.5,1.0,-118.26,1,0,0,0,0,1-Octanol
288,0.6,1.0,-141.95,1,0,0,0,0,1-Octanol
289,0.6,1.0,-155.84,1,0,0,0,0,1-Octanol
290,0.2,1.0,-18.07,1,0,0,0,0,1-Octanol
291,0.2,1.0,-19.74,1,0,0,0,0,1-Octanol
292,0.3,1.0,-47.08,1,0,0,0,0,1-Octanol
293,0.3,1.0,-53.5,1,0,0,0,0,1-Octanol
294,0.4,1.0,-81.15,1,0,0,0,0,1-Octanol
295,0.4,1.0,-89.81,1,0,0,0,0,1-Octanol
296,0.5,1.0,-117.91,1,0,0,0,0,1-Octanol
297,0.5,1.0,-128.1,1,0,0,0,0,1-Octanol
298,0.6,1.0,-156.66,1,0,0,0,0,1-Octanol
299,0.6,1.0,-168.72,1,0,0,0,0,1-Octanol
300,0.2,1.0,-98.63,0,1,0,0,0,1-Propanol
301,0.2,1.0,-97.92,0,1,0,0,0,1-Propanol
302,0.3,1.0,-137.15,0,1,0,0,0,1-Propanol
303,0.3,1.0,-131.93,0,1,0,0,0,1-Propanol
304,0.4,1.0,-191.17,0,1,0,0,0,1-Propanol
305,0.4,1.0,-180.52,0,1,0,0,0,1-Propanol
306,0.5,1.0,-260.06,0,1,0,0,0,1-Propanol
307,0.5,1.0,-240.69,0,1,0,0,0,1-Propanol
308,0.6,1.0,-352.22,0,1,0,0,0,1-Propanol
309,0.6,1.0,-321.2,0,1,0,0,0,1-Propanol
310,0.2,1.0,-96.62,0,1,0,0,0,1-Propanol
311,0.2,1.0,-96.5,0,1,0,0,0,1-Propanol
312,0.3,1.0,-136.86,0,1,0,0,0,1-Propanol
313,0.3,1.0,-131.75,0,1,0,0,0,1-Propanol
314,0.4,1.0,-192.76,0,1,0,0,0,1-Propanol
315,0.4,1.0,-182.3,0,1,0,0,0,1-Propanol
316,0.5,1.0,-264.07,0,1,0,0,0,1-Propanol
317,0.5,1.0,-245.29,0,1,0,0,0,1-Propanol
318,0.6,1.0,-357.64,0,1,0,0,0,1-Propanol
319,0.6,1.0,-327.04,0,1,0,0,0,1-Propanol
320,0.2,1.0,-95.58,0,1,0,0,0,1-Propanol
321,0.2,1.0,-95.61,0,1,0,0,0,1-Propanol
322,0.3,1.0,-137.43,0,1,0,0,0,1-Propanol
323,0.3,1.0,-132.2,0,1,0,0,0,1-Propanol
324,0.4,1.0,-193.5,0,1,0,0,0,1-Propanol
325,0.4,1.0,-183.3,0,1,0,0,0,1-Propanol
326,0.5,1.0,-266.77,0,1,0,0,0,1-Propanol
327,0.5,1.0,-248.06,0,1,0,0,0,1-Propanol
328,0.6,1.0,-359.32,0,1,0,0,0,1-Propanol
329,0.6,1.0,-329.25,0,1,0,0,0,1-Propanol
330,0.2,1.0,-94.48,0,1,0,0,0,1-Propanol
331,0.2,1.0,-94.49,0,1,0,0,0,1-Propanol
332,0.3,1.0,-136.49,0,1,0,0,0,1-Propanol
333,0.3,1.0,-132.39,0,1,0,0,0,1-Propanol
334,0.4,1.0,-193.9,0,1,0,0,0,1-Propanol
335,0.4,1.0,-184.2,0,1,0,0,0,1-Propanol
336,0.5,1.0,-267.82,0,1,0,0,0,1-Propanol
337,0.5,1.0,-249.31,0,1,0,0,0,1-Propanol
338,0.6,1.0,-361.72,0,1,0,0,0,1-Propanol
339,0.6,1.0,-331.38,0,1,0,0,0,1-Propanol
340,0.2,1.0,-94.04,0,1,0,0,0,1-Propanol
341,0.2,1.0,-93.29,0,1,0,0,0,1-Propanol
342,0.3,1.0,-136.13,0,1,0,0,0,1-Propanol
343,0.3,1.0,-130.11,0,1,0,0,0,1-Propanol
344,0.4,1.0,-194.96,0,1,0,0,0,1-Propanol
345,0.4,1.0,-183.4,0,1,0,0,0,1-Propanol
346,0.5,1.0,-267.72,0,1,0,0,0,1-Propanol
347,0.5,1.0,-249.56,0,1,0,0,0,1-Propanol
348,0.6,1.0,-360.72,0,1,0,0,0,1-Propanol
349,0.6,1.0,-330.82,0,1,0,0,0,1-Propanol
350,0.2,1.0,-90.31,0,0,1,0,0,2-Butanol
351,0.2,1.0,-97.75,0,0,1,0,0,2-Butanol
352,0.3,1.0,-159.99,0,0,1,0,0,2-Butanol
353,0.3,1.0,-153.6,0,0,1,0,0,2-Butanol
354,0.4,1.0,-248.81,0,0,1,0,0,2-Butanol
355,0.4,1.0,-219.47,0,0,1,0,0,2-Butanol
356,0.5,1.0,-337.16,0,0,1,0,0,2-Butanol
357,0.5,1.0,-287.02,0,0,1,0,0,2-Butanol
358,0.6,1.0,-427.01,0,0,1,0,0,2-Butanol
359,0.6,1.0,-360.56,0,0,1,0,0,2-Butanol
360,0.2,1.0,-93.79,0,0,1,0,0,2-Butanol
361,0.2,1.0,-99.97,0,0,1,0,0,2-Butanol
362,0.3,1.0,-164.98,0,0,1,0,0,2-Butanol
363,0.3,1.0,-156.41,0,0,1,0,0,2-Butanol
364,0.4,1.0,-255.59,0,0,1,0,0,2-Butanol
365,0.4,1.0,-223.56,0,0,1,0,0,2-Butanol
366,0.5,1.0,-341.09,0,0,1,0,0,2-Butanol
367,0.5,1.0,-289.88,0,0,1,0,0,2-Butanol
368,0.6,1.0,-426.05,0,0,1,0,0,2-Butanol
369,0.6,1.0,-360.56,0,0,1,0,0,2-Butanol
370,0.2,1.0,-95.86,0,0,1,0,0,2-Butanol
371,0.2,1.0,-101.04,0,0,1,0,0,2-Butanol
372,0.3,1.0,-168.38,0,0,1,0,0,2-Butanol
373,0.3,1.0,-157.85,0,0,1,0,0,2-Butanol
374,0.4,1.0,-259.27,0,0,1,0,0,2-Butanol
375,0.4,1.0,-224.68,0,0,1,0,0,2-Butanol
376,0.5,1.0,-336.37,0,0,1,0,0,2-Butanol
377,0.5,1.0,-285.85,0,0,1,0,0,2-Butanol
378,0.6,1.0,-413.52,0,0,1,0,0,2-Butanol
379,0.6,1.0,-351.05,0,0,1,0,0,2-Butanol
380,0.2,1.0,-97.7,0,0,1,0,0,2-Butanol
381,0.2,1.0,-102.02,0,0,1,0,0,2-Butanol
382,0.3,1.0,-172.03,0,0,1,0,0,2-Butanol
383,0.3,1.0,-158.71,0,0,1,0,0,2-Butanol
384,0.4,1.0,-261.38,0,0,1,0,0,2-Butanol
385,0.4,1.0,-224.8,0,0,1,0,0,2-Butanol
386,0.5,1.0,-328.87,0,0,1,0,0,2-Butanol
387,0.5,1.0,-278.99,0,0,1,0,0,2-Butanol
388,0.6,1.0,-395.35,0,0,1,0,0,2-Butanol
389,0.6,1.0,-334.79,0,0,1,0,0,2-Butanol
390,0.2,1.0,-98.99,0,0,1,0,0,2-Butanol
391,0.2,1.0,-101.34,0,0,1,0,0,2-Butanol
392,0.3,1.0,-174.99,0,0,1,0,0,2-Butanol
393,0.3,1.0,-157.25,0,0,1,0,0,2-Butanol
394,0.4,1.0,-258.76,0,0,1,0,0,2-Butanol
395,0.4,1.0,-222.1,0,0,1,0,0,2-Butanol
396,0.5,1.0,-318.91,0,0,1,0,0,2-Butanol
397,0.5,1.0,-269.47,0,0,1,0,0,2-Butanol
398,0.6,1.0,-383.93,0,0,1,0,0,2-Butanol
399,0.6,1.0,-325.01,0,0,1,0,0,2-Butanol
400,0.2,1.0,-68.13,0,0,0,1,0,2-propanol
401,0.2,1.0,-53.77,0,0,0,1,0,2-propanol
402,0.3,1.0,-108.27,0,0,0,1,0,2-propanol
403,0.3,1.0,-91.8,0,0,0,1,0,2-propanol
404,0.4,1.0,-153.07,0,0,0,1,0,2-propanol
405,0.4,1.0,-135.1,0,0,0,1,0,2-propanol
406,0.5,1.0,-181.96,0,0,0,1,0,2-propanol
407,0.5,1.0,-165.24,0,0,0,1,0,2-propanol
408,0.6,1.0,-216.15,0,0,0,1,0,2-propanol
409,0.6,1.0,-202.26,0,0,0,1,0,2-propanol
410,0.2,1.0,-69.54,0,0,0,1,0,2-propanol
411,0.2,1.0,-55.73,0,0,0,1,0,2-propanol
412,0.3,1.0,-109.49,0,0,0,1,0,2-propanol
413,0.3,1.0,-93.98,0,0,0,1,0,2-propanol
414,0.4,1.0,-151.26,0,0,0,1,0,2-propanol
415,0.4,1.0,-134.78,0,0,0,1,0,2-propanol
416,0.5,1.0,-174.59,0,0,0,1,0,2-propanol
417,0.5,1.0,-161.28,0,0,0,1,0,2-propanol
418,0.6,1.0,-205.61,0,0,0,1,0,2-propanol
419,0.6,1.0,-195.44,0,0,0,1,0,2-propanol
420,0.2,1.0,-70.31,0,0,0,1,0,2-propanol
421,0.2,1.0,-57.01,0,0,0,1,0,2-propanol
422,0.3,1.0,-110.39,0,0,0,1,0,2-propanol
423,0.3,1.0,-95.45,0,0,0,1,0,2-propanol
424,0.4,1.0,-144.23,0,0,0,1,0,2-propanol
425,0.4,1.0,-129.9,0,0,0,1,0,2-propanol
426,0.5,1.0,-168.8,0,0,0,1,0,2-propanol
427,0.5,1.0,-157.56,0,0,0,1,0,2-propanol
428,0.6,1.0,-198.45,0,0,0,1,0,2-propanol
429,0.6,1.0,-190.72,0,0,0,1,0,2-propanol
430,0.2,1.0,-70.4,0,0,0,1,0,2-propanol
431,0.2,1.0,-57.63,0,0,0,1,0,2-propanol
432,0.3,1.0,-110.03,0,0,0,1,0,2-propanol
433,0.3,1.0,-95.97,0,0,0,1,0,2-propanol
434,0.4,1.0,-137.89,0,0,0,1,0,2-propanol
435,0.4,1.0,-125.45,0,0,0,1,0,2-propanol
436,0.5,1.0,-163.89,0,0,0,1,0,2-propanol
437,0.5,1.0,-154.37,0,0,0,1,0,2-propanol
438,0.6,1.0,-192.03,0,0,0,1,0,2-propanol
439,0.6,1.0,-186.27,0,0,0,1,0,2-propanol
440,0.2,1.0,-71.48,0,0,0,1,0,2-propanol
441,0.2,1.0,-57.84,0,0,0,1,0,2-propanol
442,0.3,1.0,-110.46,0,0,0,1,0,2-propanol
443,0.3,1.0,-95.21,0,0,0,1,0,2-propanol
444,0.4,1.0,-134.85,0,0,0,1,0,2-propanol
445,0.4,1.0,-122.39,0,0,0,1,0,2-propanol
446,0.5,1.0,-160.98,0,0,0,1,0,2-propanol
447,0.5,1.0,-152.93,0,0,0,1,0,2-propanol
448,0.6,1.0,-187.98,0,0,0,1,0,2-propanol
449,0.6,1.0,-183.8,0,0,0,1,0,2-propanol
450,0.2,1.0,-66.05,0,0,0,0,1,1-isobutanol
451,0.2,1.0,-55.55,0,0,0,0,1,1-isobutanol
452,0.3,1.0,-136.84,0,0,0,0,1,1-isobutanol
453,0.3,1.0,-112.44,0,0,0,0,1,1-isobutanol
454,0.4,1.0,-211.41,0,0,0,0,1,1-isobutanol
455,0.4,1.0,-176.55,0,0,0,0,1,1-isobutanol
456,0.5,1.0,-300.14,0,0,0,0,1,1-isobutanol
457,0.5,1.0,-252.75,0,0,0,0,1,1-isobutanol
458,0.6,1.0,-417.08,0,0,0,0,1,1-isobutanol
459,0.6,1.0,-353.5,0,0,0,0,1,1-isobutanol
460,0.2,1.0,-73.04,0,0,0,0,1,1-isobutanol
461,0.2,1.0,-60.95,0,0,0,0,1,1-isobutanol
462,0.3,1.0,-141.43,0,0,0,0,1,1-isobutanol
463,0.3,1.0,-116.96,0,0,0,0,1,1-isobutanol
464,0.4,1.0,-217.81,0,0,0,0,1,1-isobutanol
465,0.4,1.0,-183.1,0,0,0,0,1,1-isobutanol
466,0.5,1.0,-309.05,0,0,0,0,1,1-isobutanol
467,0.5,1.0,-261.66,0,0,0,0,1,1-isobutanol
468,0.6,1.0,-429.28,0,0,0,0,1,1-isobutanol
469,0.6,1.0,-365.93,0,0,0,0,1,1-isobutanol
470,0.2,1.0,-76.09,0,0,0,0,1,1-isobutanol
471,0.2,1.0,-63.93,0,0,0,0,1,1-isobutanol
472,0.3,1.0,-143.7,0,0,0,0,1,1-isobutanol
473,0.3,1.0,-119.61,0,0,0,0,1,1-isobutanol
474,0.4,1.0,-221.81,0,0,0,0,1,1-isobutanol
475,0.4,1.0,-187.0,0,0,0,0,1,1-isobutanol
476,0.5,1.0,-313.96,0,0,0,0,1,1-isobutanol
477,0.5,1.0,-266.76,0,0,0,0,1,1-isobutanol
478,0.6,1.0,-436.02,0,0,0,0,1,1-isobutanol
479,0.6,1.0,-372.47,0,0,0,0,1,1-isobutanol
480,0.2,1.0,-78.81,0,0,0,0,1,1-isobutanol
481,0.2,1.0,-65.68,0,0,0,0,1,1-isobutanol
482,0.3,1.0,-146.01,0,0,0,0,1,1-isobutanol
483,0.3,1.0,-121.49,0,0,0,0,1,1-isobutanol
484,0.4,1.0,-223.79,0,0,0,0,1,1-isobutanol
485,0.4,1.0,-189.51,0,0,0,0,1,1-isobutanol
486,0.5,1.0,-319.61,0,0,0,0,1,1-isobutanol
487,0.5,1.0,-271.93,0,0,0,0,1,1-isobutanol
488,0.6,1.0,-439.91,0,0,0,0,1,1-isobutanol
489,0.6,1.0,-376.66,0,0,0,0,1,1-isobutanol
490,0.2,1.0,-82.17,0,0,0,0,1,1-isobutanol
491,0.2,1.0,-67.91,0,0,0,0,1,1-isobutanol
492,0.3,1.0,-149.03,0,0,0,0,1,1-isobutanol
493,0.3,1.0,-123.4,0,0,0,0,1,1-isobutanol
494,0.4,1.0,-225.73,0,0,0,0,1,1-isobutanol
495,0.4,1.0,-191.28,0,0,0,0,1,1-isobutanol
496,0.5,1.0,-322.75,0,0,0,0,1,1-isobutanol
497,0.5,1.0,-274.53,0,0,0,0,1,1-isobutanol
498,0.6,1.0,-447.74,0,0,0,0,1,1-isobutanol
499,0.6,1.0,-381.94,0,0,0,0,1,1-isobutanol
500,0.2,0.67,-11.23,1,0,0,0,0,1-Octanol
501,0.2,0.67,-14.21,1,0,0,0,0,1-Octanol
502,0.3,0.67,-18.71,1,0,0,0,0,1-Octanol
503,0.3,0.67,-22.65,1,0,0,0,0,1-Octanol
504,0.4,0.67,-27.32,1,0,0,0,0,1-Octanol
505,0.4,0.67,-32.39,1,0,0,0,0,1-Octanol
506,0.5,0.67,-35.28,1,0,0,0,0,1-Octanol
507,0.5,0.67,-40.72,1,0,0,0,0,1-Octanol
508,0.6,0.67,-40.63,1,0,0,0,0,1-Octanol
509,0.6,0.67,-49.87,1,0,0,0,0,1-Octanol
510,0.2,0.67,-12.44,1,0,0,0,0,1-Octanol
511,0.2,0.67,-15.44,1,0,0,0,0,1-Octanol
512,0.3,0.67,-21.13,1,0,0,0,0,1-Octanol
513,0.3,0.67,-25.53,1,0,0,0,0,1-Octanol
514,0.4,0.67,-30.45,1,0,0,0,0,1-Octanol
515,0.4,0.67,-36.22,1,0,0,0,0,1-Octanol
516,0.5,0.67,-36.85,1,0,0,0,0,1-Octanol
517,0.5,0.67,-45.11,1,0,0,0,0,1-Octanol
518,0.6,0.67,-45.4,1,0,0,0,0,1-Octanol
519,0.6,0.67,-55.16,1,0,0,0,0,1-Octanol
520,0.2,0.67,-13.75,1,0,0,0,0,1-Octanol
521,0.2,0.67,-16.72,1,0,0,0,0,1-Octanol
522,0.3,0.67,-24.0,1,0,0,0,0,1-Octanol
523,0.3,0.67,-28.29,1,0,0,0,0,1-Octanol
524,0.4,0.67,-33.91,1,0,0,0,0,1-Octanol
525,0.4,0.67,-39.95,1,0,0,0,0,1-Octanol
526,0.5,0.67,-40.96,1,0,0,0,0,1-Octanol
527,0.5,0.67,-49.43,1,0,0,0,0,1-Octanol
528,0.6,0.67,-49.91,1,0,0,0,0,1-Octanol
529,0.6,0.67,-60.11,1,0,0,0,0,1-Octanol
530,0.2,0.67,-15.05,1,0,0,0,0,1-Octanol
531,0.2,0.67,-17.98,1,0,0,0,0,1-Octanol
532,0.3,0.67,-26.42,1,0,0,0,0,1-Octanol
533,0.3,0.67,-30.65,1,0,0,0,0,1-Octanol
534,0.4,0.67,-36.56,1,0,0,0,0,1-Octanol
535,0.4,0.67,-43.0,1,0,0,0,0,1-Octanol
536,0.5,0.67,-43.81,1,0,0,0,0,1-Octanol
537,0.5,0.67,-52.73,1,0,0,0,0,1-Octanol
538,0.6,0.67,-53.89,1,0,0,0,0,1-Octanol
539,0.6,0.67,-64.35,1,0,0,0,0,1-Octanol
540,0.2,0.67,-16.67,1,0,0,0,0,1-Octanol
541,0.2,0.67,-19.11,1,0,0,0,0,1-Octanol
542,0.3,0.67,-28.69,1,0,0,0,0,1-Octanol
543,0.3,0.67,-32.58,1,0,0,0,0,1-Octanol
544,0.4,0.67,-39.62,1,0,0,0,0,1-Octanol
545,0.4,0.67,-45.68,1,0,0,0,0,1-Octanol
546,0.5,0.67,-47.16,1,0,0,0,0,1-Octanol
547,0.5,0.67,-55.65,1,0,0,0,0,1-Octanol
548,0.6,0.67,-57.2,1,0,0,0,0,1-Octanol
549,0.6,0.67,-67.68,1,0,0,0,0,1-Octanol
550,0.2,0.67,-35.68,0,1,0,0,0,1-Propanol
551,0.2,0.67,-55.46,0,1,0,0,0,1-Propanol
552,0.3,0.67,-44.41,0,1,0,0,0,1-Propanol
553,0.3,0.67,-62.35,0,1,0,0,0,1-Propanol
554,0.4,0.67,-56.36,0,1,0,0,0,1-Propanol
555,0.4,0.67,-72.43,0,1,0,0,0,1-Propanol
556,0.5,0.67,-66.26,0,1,0,0,0,1-Propanol
557,0.5,0.67,-80.33,0,1,0,0,0,1-Propanol
558,0.6,0.67,-79.56,0,1,0,0,0,1-Propanol
559,0.6,0.67,-91.76,0,1,0,0,0,1-Propanol
560,0.2,0.67,-34.99,0,1,0,0,0,1-Propanol
561,0.2,0.67,-54.77,0,1,0,0,0,1-Propanol
562,0.3,0.67,-45.11,0,1,0,0,0,1-Propanol
563,0.3,0.67,-62.89,0,1,0,0,0,1-Propanol
564,0.4,0.67,-56.03,0,1,0,0,0,1-Propanol
565,0.4,0.67,-72.68,0,1,0,0,0,1-Propanol
566,0.5,0.67,-65.75,0,1,0,0,0,1-Propanol
567,0.5,0.67,-80.24,0,1,0,0,0,1-Propanol
568,0.6,0.67,-76.75,0,1,0,0,0,1-Propanol
569,0.6,0.67,-89.86,0,1,0,0,0,1-Propanol
570,0.2,0.67,-35.99,0,1,0,0,0,1-Propanol
571,0.2,0.67,-54.37,0,1,0,0,0,1-Propanol
572,0.3,0.67,-45.34,0,1,0,0,0,1-Propanol
573,0.3,0.67,-62.7,0,1,0,0,0,1-Propanol
574,0.4,0.67,-54.89,0,1,0,0,0,1-Propanol
575,0.4,0.67,-71.23,0,1,0,0,0,1-Propanol
576,0.5,0.67,-64.63,0,1,0,0,0,1-Propanol
577,0.5,0.67,-79.05,0,1,0,0,0,1-Propanol
578,0.6,0.67,-74.92,0,1,0,0,0,1-Propanol
579,0.6,0.67,-88.07,0,1,0,0,0,1-Propanol
580,0.2,0.67,-35.85,0,1,0,0,0,1-Propanol
581,0.2,0.67,-53.94,0,1,0,0,0,1-Propanol
582,0.3,0.67,-45.24,0,1,0,0,0,1-Propanol
583,0.3,0.67,-62.31,0,1,0,0,0,1-Propanol
584,0.4,0.67,-53.55,0,1,0,0,0,1-Propanol
585,0.4,0.67,-69.54,0,1,0,0,0,1-Propanol
586,0.5,0.67,-63.43,0,1,0,0,0,1-Propanol
587,0.5,0.67,-77.51,0,1,0,0,0,1-Propanol
588,0.6,0.67,-73.38,0,1,0,0,0,1-Propanol
589,0.6,0.67,-86.43,0,1,0,0,0,1-Propanol
590,0.2,0.67,-35.88,0,1,0,0,0,1-Propanol
591,0.2,0.67,-53.42,0,1,0,0,0,1-Propanol
592,0.3,0.67,-45.3,0,1,0,0,0,1-Propanol
593,0.3,0.67,-62.02,0,1,0,0,0,1-Propanol
594,0.4,0.67,-53.81,0,1,0,0,0,1-Propanol
595,0.4,0.67,-68.74,0,1,0,0,0,1-Propanol
596,0.5,0.67,-62.3,0,1,0,0,0,1-Propanol
597,0.5,0.67,-76.12,0,1,0,0,0,1-Propanol
598,0.6,0.67,-72.33,0,1,0,0,0,1-Propanol
599,0.6,0.67,-84.57,0,1,0,0,0,1-Propanol
600,0.2,0.67,-31.86,0,0,1,0,0,2-Butanol
601,0.2,0.67,-47.42,0,0,1,0,0,2-Butanol
602,0.3,0.67,-45.81,0,0,1,0,0,2-Butanol
603,0.3,0.67,-61.16,0,0,1,0,0,2-Butanol
604,0.4,0.67,-61.55,0,0,1,0,0,2-Butanol
605,0.4,0.67,-76.42,0,0,1,0,0,2-Butanol
606,0.5,0.67,-76.12,0,0,1,0,0,2-Butanol
607,0.5,0.67,-89.12,0,0,1,0,0,2-Butanol
608,0.6,0.67,-94.11,0,0,1,0,0,2-Butanol
609,0.6,0.67,-104.97,0,0,1,0,0,2-Butanol
610,0.2,0.67,-32.66,0,0,1,0,0,2-Butanol
611,0.2,0.67,-47.88,0,0,1,0,0,2-Butanol
612,0.3,0.67,-46.52,0,0,1,0,0,2-Butanol
613,0.3,0.67,-62.03,0,0,1,0,0,2-Butanol
614,0.4,0.67,-62.06,0,0,1,0,0,2-Butanol
615,0.4,0.67,-77.14,0,0,1,0,0,2-Butanol
616,0.5,0.67,-77.12,0,0,1,0,0,2-Butanol
617,0.5,0.67,-90.14,0,0,1,0,0,2-Butanol
618,0.6,0.67,-93.95,0,0,1,0,0,2-Butanol
619,0.6,0.67,-105.24,0,0,1,0,0,2-Butanol
620,0.2,0.67,-33.08,0,0,1,0,0,2-Butanol
621,0.2,0.67,-48.11,0,0,1,0,0,2-Butanol
622,0.3,0.67,-47.17,0,0,1,0,0,2-Butanol
623,0.3,0.67,-62.03,0,0,1,0,0,2-Butanol
624,0.4,0.67,-61.91,0,0,1,0,0,2-Butanol
625,0.4,0.67,-76.65,0,0,1,0,0,2-Butanol
626,0.5,0.67,-76.94,0,0,1,0,0,2-Butanol
627,0.5,0.67,-89.64,0,0,1,0,0,2-Butanol
628,0.6,0.67,-93.07,0,0,1,0,0,2-Butanol
629,0.6,0.67,-103.93,0,0,1,0,0,2-Butanol
630,0.2,0.67,-33.24,0,0,1,0,0,2-Butanol
631,0.2,0.67,-47.89,0,0,1,0,0,2-Butanol
632,0.3,0.67,-47.07,0,0,1,0,0,2-Butanol
633,0.3,0.67,-62.04,0,0,1,0,0,2-Butanol
634,0.4,0.67,-60.93,0,0,1,0,0,2-Butanol
635,0.4,0.67,-75.29,0,0,1,0,0,2-Butanol
636,0.5,0.67,-75.37,0,0,1,0,0,2-Butanol
637,0.5,0.67,-87.8,0,0,1,0,0,2-Butanol
638,0.6,0.67,-91.04,0,0,1,0,0,2-Butanol
639,0.6,0.67,-101.96,0,0,1,0,0,2-Butanol
640,0.2,0.67,-33.97,0,0,1,0,0,2-Butanol
641,0.2,0.67,-47.36,0,0,1,0,0,2-Butanol
642,0.3,0.67,-47.83,0,0,1,0,0,2-Butanol
643,0.3,0.67,-61.44,0,0,1,0,0,2-Butanol
644,0.4,0.67,-60.91,0,0,1,0,0,2-Butanol
645,0.4,0.67,-72.88,0,0,1,0,0,2-Butanol
646,0.5,0.67,-75.2,0,0,1,0,0,2-Butanol
647,0.5,0.67,-85.82,0,0,1,0,0,2-Butanol
648,0.6,0.67,-89.76,0,0,1,0,0,2-Butanol
649,0.6,0.67,-99.85,0,0,1,0,0,2-Butanol
650,0.2,0.67,-26.8,0,0,0,1,0,2-propanol
651,0.2,0.67,-35.6,0,0,0,1,0,2-propanol
652,0.3,0.67,-36.76,0,0,0,1,0,2-propanol
653,0.3,0.67,-45.27,0,0,0,1,0,2-propanol
654,0.4,0.67,-44.8,0,0,0,1,0,2-propanol
655,0.4,0.67,-53.48,0,0,0,1,0,2-propanol
656,0.5,0.67,-51.52,0,0,0,1,0,2-propanol
657,0.5,0.67,-59.54,0,0,0,1,0,2-propanol
658,0.6,0.67,-60.38,0,0,0,1,0,2-propanol
659,0.6,0.67,-67.51,0,0,0,1,0,2-propanol
660,0.2,0.67,-25.81,0,0,0,1,0,2-propanol
661,0.2,0.67,-34.7,0,0,0,1,0,2-propanol
662,0.3,0.67,-36.48,0,0,0,1,0,2-propanol
663,0.3,0.67,-45.64,0,0,0,1,0,2-propanol
664,0.4,0.67,-43.29,0,0,0,1,0,2-propanol
665,0.4,0.67,-51.95,0,0,0,1,0,2-propanol
666,0.5,0.67,-50.28,0,0,0,1,0,2-propanol
667,0.5,0.67,-58.17,0,0,0,1,0,2-propanol
668,0.6,0.67,-57.74,0,0,0,1,0,2-propanol
669,0.6,0.67,-65.2,0,0,0,1,0,2-propanol
670,0.2,0.67,-25.49,0,0,0,1,0,2-propanol
671,0.2,0.67,-34.16,0,0,0,1,0,2-propanol
672,0.3,0.67,-36.67,0,0,0,1,0,2-propanol
673,0.3,0.67,-45.47,0,0,0,1,0,2-propanol
674,0.4,0.67,-42.21,0,0,0,1,0,2-propanol
675,0.4,0.67,-50.9,0,0,0,1,0,2-propanol
676,0.5,0.67,-48.84,0,0,0,1,0,2-propanol
677,0.5,0.67,-56.82,0,0,0,1,0,2-propanol
678,0.6,0.67,-56.0,0,0,0,1,0,2-propanol
679,0.6,0.67,-63.28,0,0,0,1,0,2-propanol
680,0.2,0.67,-25.41,0,0,0,1,0,2-propanol
681,0.2,0.67,-34.22,0,0,0,1,0,2-propanol
682,0.3,0.67,-36.3,0,0,0,1,0,2-propanol
683,0.3,0.67,-45.23,0,0,0,1,0,2-propanol
684,0.4,0.67,-40.97,0,0,0,1,0,2-propanol
685,0.4,0.67,-49.57,0,0,0,1,0,2-propanol
686,0.5,0.67,-48.07,0,0,0,1,0,2-propanol
687,0.5,0.67,-55.73,0,0,0,1,0,2-propanol
688,0.6,0.67,-54.33,0,0,0,1,0,2-propanol
689,0.6,0.67,-61.54,0,0,0,1,0,2-propanol
690,0.2,0.67,-26.78,0,0,0,1,0,2-propanol
691,0.2,0.67,-33.71,0,0,0,1,0,2-propanol
692,0.3,0.67,-36.78,0,0,0,1,0,2-propanol
693,0.3,0.67,-44.76,0,0,0,1,0,2-propanol
694,0.4,0.67,-41.49,0,0,0,1,0,2-propanol
695,0.4,0.67,-48.17,0,0,0,1,0,2-propanol
696,0.5,0.67,-48.57,0,0,0,1,0,2-propanol
697,0.5,0.67,-54.13,0,0,0,1,0,2-propanol
698,0.6,0.67,-54.94,0,0,0,1,0,2-propanol
699,0.6,0.67,-60.11,0,0,0,1,0,2-propanol
700,0.2,0.67,-27.45,0,0,0,0,1,1-isobutanol
701,0.2,0.67,-40.42,0,0,0,0,1,1-isobutanol
702,0.3,0.67,-42.1,0,0,0,0,1,1-isobutanol
703,0.3,0.67,-56.14,0,0,0,0,1,1-isobutanol
704,0.4,0.67,-58.24,0,0,0,0,1,1-isobutanol
705,0.4,0.67,-72.12,0,0,0,0,1,1-isobutanol
706,0.5,0.67,-76.97,0,0,0,0,1,1-isobutanol
707,0.5,0.67,-90.61,0,0,0,0,1,1-isobutanol
708,0.6,0.67,-99.22,0,0,0,0,1,1-isobutanol
709,0.6,0.67,-112.17,0,0,0,0,1,1-isobutanol
710,0.2,0.67,-28.79,0,0,0,0,1,1-isobutanol
711,0.2,0.67,-41.95,0,0,0,0,1,1-isobutanol
712,0.3,0.67,-43.33,0,0,0,0,1,1-isobutanol
713,0.3,0.67,-56.89,0,0,0,0,1,1-isobutanol
714,0.4,0.67,-59.68,0,0,0,0,1,1-isobutanol
715,0.4,0.67,-73.88,0,0,0,0,1,1-isobutanol
716,0.5,0.67,-78.96,0,0,0,0,1,1-isobutanol
717,0.5,0.67,-93.1,0,0,0,0,1,1-isobutanol
718,0.6,0.67,-101.14,0,0,0,0,1,1-isobutanol
719,0.6,0.67,-114.64,0,0,0,0,1,1-isobutanol
720,0.2,0.67,-29.59,0,0,0,0,1,1-isobutanol
721,0.2,0.67,-42.61,0,0,0,0,1,1-isobutanol
722,0.3,0.67,-43.82,0,0,0,0,1,1-isobutanol
723,0.3,0.67,-57.46,0,0,0,0,1,1-isobutanol
724,0.4,0.67,-60.44,0,0,0,0,1,1-isobutanol
725,0.4,0.67,-74.61,0,0,0,0,1,1-isobutanol
726,0.5,0.67,-80.18,0,0,0,0,1,1-isobutanol
727,0.5,0.67,-94.38,0,0,0,0,1,1-isobutanol
728,0.6,0.67,-101.48,0,0,0,0,1,1-isobutanol
729,0.6,0.67,-115.36,0,0,0,0,1,1-isobutanol
730,0.2,0.67,-29.98,0,0,0,0,1,1-isobutanol
731,0.2,0.67,-42.7,0,0,0,0,1,1-isobutanol
732,0.3,0.67,-44.41,0,0,0,0,1,1-isobutanol
733,0.3,0.67,-57.8,0,0,0,0,1,1-isobutanol
734,0.4,0.67,-60.99,0,0,0,0,1,1-isobutanol
735,0.4,0.67,-75.15,0,0,0,0,1,1-isobutanol
736,0.5,0.67,-80.38,0,0,0,0,1,1-isobutanol
737,0.5,0.67,-94.5,0,0,0,0,1,1-isobutanol
738,0.6,0.67,-100.91,0,0,0,0,1,1-isobutanol
739,0.6,0.67,-114.82,0,0,0,0,1,1-isobutanol
740,0.2,0.67,-30.95,0,0,0,0,1,1-isobutanol
741,0.2,0.67,-42.82,0,0,0,0,1,1-isobutanol
742,0.3,0.67,-45.26,0,0,0,0,1,1-isobutanol
743,0.3,0.67,-57.19,0,0,0,0,1,1-isobutanol
744,0.4,0.67,-62.17,0,0,0,0,1,1-isobutanol
745,0.4,0.67,-75.36,0,0,0,0,1,1-isobutanol
746,0.5,0.67,-80.85,0,0,0,0,1,1-isobutanol
747,0.5,0.67,-93.97,0,0,0,0,1,1-isobutanol
748,0.6,0.67,-100.5,0,0,0,0,1,1-isobutanol
749,0.6,0.67,-113.82,0,0,0,0,1,1-isobutanol
750,0.2,0.33,-11.98,1,0,0,0,0,1-Octanol
751,0.2,0.33,-10.99,1,0,0,0,0,1-Octanol
752,0.3,0.33,-19.12,1,0,0,0,0,1-Octanol
753,0.3,0.33,-17.28,1,0,0,0,0,1-Octanol
754,0.4,0.33,-33.13,1,0,0,0,0,1-Octanol
755,0.4,0.33,-28.45,1,0,0,0,0,1-Octanol
756,0.5,0.33,-48.83,1,0,0,0,0,1-Octanol
757,0.5,0.33,-40.77,1,0,0,0,0,1-Octanol
758,0.6,0.33,-62.49,1,0,0,0,0,1-Octanol
759,0.6,0.33,-50.82,1,0,0,0,0,1-Octanol
760,0.2,0.33,-12.15,1,0,0,0,0,1-Octanol
761,0.2,0.33,-11.33,1,0,0,0,0,1-Octanol
762,0.3,0.33,-22.33,1,0,0,0,0,1-Octanol
763,0.3,0.33,-19.95,1,0,0,0,0,1-Octanol
764,0.4,0.33,-39.82,1,0,0,0,0,1-Octanol
765,0.4,0.33,-33.64,1,0,0,0,0,1-Octanol
766,0.5,0.33,-56.9,1,0,0,0,0,1-Octanol
767,0.5,0.33,-46.77,1,0,0,0,0,1-Octanol
768,0.6,0.33,-73.32,1,0,0,0,0,1-Octanol
769,0.6,0.33,-58.96,1,0,0,0,0,1-Octanol
770,0.2,0.33,-12.58,1,0,0,0,0,1-Octanol
771,0.2,0.33,-11.74,1,0,0,0,0,1-Octanol
772,0.3,0.33,-26.67,1,0,0,0,0,1-Octanol
773,0.3,0.33,-23.34,1,0,0,0,0,1-Octanol
774,0.4,0.33,-46.48,1,0,0,0,0,1-Octanol
775,0.4,0.33,-38.69,1,0,0,0,0,1-Octanol
776,0.5,0.33,-65.95,1,0,0,0,0,1-Octanol
777,0.5,0.33,-53.46,1,0,0,0,0,1-Octanol
778,0.6,0.33,-84.53,1,0,0,0,0,1-Octanol
779,0.6,0.33,-67.21,1,0,0,0,0,1-Octanol
780,0.2,0.33,-13.79,1,0,0,0,0,1-Octanol
781,0.2,0.33,-12.82,1,0,0,0,0,1-Octanol
782,0.3,0.33,-30.56,1,0,0,0,0,1-Octanol
783,0.3,0.33,-26.18,1,0,0,0,0,1-Octanol
784,0.4,0.33,-52.3,1,0,0,0,0,1-Octanol
785,0.4,0.33,-42.98,1,0,0,0,0,1-Octanol
786,0.5,0.33,-73.81,1,0,0,0,0,1-Octanol
787,0.5,0.33,-59.19,1,0,0,0,0,1-Octanol
788,0.6,0.33,-94.41,1,0,0,0,0,1-Octanol
789,0.6,0.33,-74.4,1,0,0,0,0,1-Octanol
790,0.2,0.33,-15.73,1,0,0,0,0,1-Octanol
791,0.2,0.33,-13.87,1,0,0,0,0,1-Octanol
792,0.3,0.33,-34.54,1,0,0,0,0,1-Octanol
793,0.3,0.33,-28.65,1,0,0,0,0,1-Octanol
794,0.4,0.33,-57.44,1,0,0,0,0,1-Octanol
795,0.4,0.33,-46.26,1,0,0,0,0,1-Octanol
796,0.5,0.33,-80.37,1,0,0,0,0,1-Octanol
797,0.5,0.33,-63.49,1,0,0,0,0,1-Octanol
798,0.6,0.33,-102.94,1,0,0,0,0,1-Octanol
799,0.6,0.33,-80.25,1,0,0,0,0,1-Octanol
800,0.2,0.33,-58.41,0,1,0,0,0,1-Propanol
801,0.2,0.33,-38.66,0,1,0,0,0,1-Propanol
802,0.3,0.33,-83.58,0,1,0,0,0,1-Propanol
803,0.3,0.33,-57.33,0,1,0,0,0,1-Propanol
804,0.4,0.33,-110.24,0,1,0,0,0,1-Propanol
805,0.4,0.33,-76.8,0,1,0,0,0,1-Propanol
806,0.5,0.33,-133.77,0,1,0,0,0,1-Propanol
807,0.5,0.33,-96.13,0,1,0,0,0,1-Propanol
808,0.6,0.33,-171.05,0,1,0,0,0,1-Propanol
809,0.6,0.33,-124.15,0,1,0,0,0,1-Propanol
810,0.2,0.33,-59.68,0,1,0,0,0,1-Propanol
811,0.2,0.33,-40.01,0,1,0,0,0,1-Propanol
812,0.3,0.33,-84.75,0,1,0,0,0,1-Propanol
813,0.3,0.33,-58.75,0,1,0,0,0,1-Propanol
814,0.4,0.33,-109.91,0,1,0,0,0,1-Propanol
815,0.4,0.33,-77.28,0,1,0,0,0,1-Propanol
816,0.5,0.33,-130.65,0,1,0,0,0,1-Propanol
817,0.5,0.33,-94.69,0,1,0,0,0,1-Propanol
818,0.6,0.33,-161.81,0,1,0,0,0,1-Propanol
819,0.6,0.33,-118.7,0,1,0,0,0,1-Propanol
820,0.2,0.33,-60.12,0,1,0,0,0,1-Propanol
821,0.2,0.33,-40.73,0,1,0,0,0,1-Propanol
822,0.3,0.33,-85.19,0,1,0,0,0,1-Propanol
823,0.3,0.33,-59.47,0,1,0,0,0,1-Propanol
824,0.4,0.33,-108.08,0,1,0,0,0,1-Propanol
825,0.4,0.33,-76.43,0,1,0,0,0,1-Propanol
826,0.5,0.33,-127.51,0,1,0,0,0,1-Propanol
827,0.5,0.33,-92.88,0,1,0,0,0,1-Propanol
828,0.6,0.33,-155.54,0,1,0,0,0,1-Propanol
829,0.6,0.33,-114.76,0,1,0,0,0,1-Propanol
830,0.2,0.33,-60.41,0,1,0,0,0,1-Propanol
831,0.2,0.33,-41.2,0,1,0,0,0,1-Propanol
832,0.3,0.33,-84.73,0,1,0,0,0,1-Propanol
833,0.3,0.33,-59.31,0,1,0,0,0,1-Propanol
834,0.4,0.33,-106.46,0,1,0,0,0,1-Propanol
835,0.4,0.33,-75.39,0,1,0,0,0,1-Propanol
836,0.5,0.33,-124.62,0,1,0,0,0,1-Propanol
837,0.5,0.33,-90.88,0,1,0,0,0,1-Propanol
838,0.6,0.33,-151.56,0,1,0,0,0,1-Propanol
839,0.6,0.33,-112.58,0,1,0,0,0,1-Propanol
840,0.2,0.33,-60.87,0,1,0,0,0,1-Propanol
841,0.2,0.33,-39.88,0,1,0,0,0,1-Propanol
842,0.3,0.33,-84.22,0,1,0,0,0,1-Propanol
843,0.3,0.33,-57.58,0,1,0,0,0,1-Propanol
844,0.4,0.33,-105.32,0,1,0,0,0,1-Propanol
845,0.4,0.33,-73.36,0,1,0,0,0,1-Propanol
846,0.5,0.33,-122.59,0,1,0,0,0,1-Propanol
847,0.5,0.33,-88.28,0,1,0,0,0,1-Propanol
848,0.6,0.33,-146.99,0,1,0,0,0,1-Propanol
849,0.6,0.33,-109.52,0,1,0,0,0,1-Propanol
850,0.2,0.33,-59.41,0,0,1,0,0,2-Butanol
851,0.2,0.33,-61.86,0,0,1,0,0,2-Butanol
852,0.3,0.33,-91.65,0,0,1,0,0,2-Butanol
853,0.3,0.33,-81.02,0,0,1,0,0,2-Butanol
854,0.4,0.33,-131.05,0,0,1,0,0,2-Butanol
855,0.4,0.33,-105.51,0,0,1,0,0,2-Butanol
856,0.5,0.33,-165.68,0,0,1,0,0,2-Butanol
857,0.5,0.33,-126.3,0,0,1,0,0,2-Butanol
858,0.6,0.33,-207.16,0,0,1,0,0,2-Butanol
859,0.6,0.33,-153.44,0,0,1,0,0,2-Butanol
860,0.2,0.33,-61.16,0,0,1,0,0,2-Butanol
861,0.2,0.33,-62.92,0,0,1,0,0,2-Butanol
862,0.3,0.33,-93.55,0,0,1,0,0,2-Butanol
863,0.3,0.33,-82.39,0,0,1,0,0,2-Butanol
864,0.4,0.33,-133.11,0,0,1,0,0,2-Butanol
865,0.4,0.33,-107.27,0,0,1,0,0,2-Butanol
866,0.5,0.33,-168.62,0,0,1,0,0,2-Butanol
867,0.5,0.33,-128.94,0,0,1,0,0,2-Butanol
868,0.6,0.33,-210.85,0,0,1,0,0,2-Butanol
869,0.6,0.33,-157.01,0,0,1,0,0,2-Butanol
870,0.2,0.33,-61.8,0,0,1,0,0,2-Butanol
871,0.2,0.33,-62.99,0,0,1,0,0,2-Butanol
872,0.3,0.33,-94.15,0,0,1,0,0,2-Butanol
873,0.3,0.33,-82.45,0,0,1,0,0,2-Butanol
874,0.4,0.33,-133.24,0,0,1,0,0,2-Butanol
875,0.4,0.33,-107.15,0,0,1,0,0,2-Butanol
876,0.5,0.33,-165.33,0,0,1,0,0,2-Butanol
877,0.5,0.33,-126.55,0,0,1,0,0,2-Butanol
878,0.6,0.33,-204.6,0,0,1,0,0,2-Butanol
879,0.6,0.33,-152.81,0,0,1,0,0,2-Butanol
880,0.2,0.33,-61.94,0,0,1,0,0,2-Butanol
881,0.2,0.33,-62.78,0,0,1,0,0,2-Butanol
882,0.3,0.33,-94.46,0,0,1,0,0,2-Butanol
883,0.3,0.33,-82.39,0,0,1,0,0,2-Butanol
884,0.4,0.33,-131.54,0,0,1,0,0,2-Butanol
885,0.4,0.33,-105.6,0,0,1,0,0,2-Butanol
886,0.5,0.33,-160.74,0,0,1,0,0,2-Butanol
887,0.5,0.33,-123.08,0,0,1,0,0,2-Butanol
888,0.6,0.33,-195.49,0,0,1,0,0,2-Butanol
889,0.6,0.33,-146.26,0,0,1,0,0,2-Butanol
890,0.2,0.33,-62.34,0,0,1,0,0,2-Butanol
891,0.2,0.33,-61.87,0,0,1,0,0,2-Butanol
892,0.3,0.33,-95.09,0,0,1,0,0,2-Butanol
893,0.3,0.33,-81.53,0,0,1,0,0,2-Butanol
894,0.4,0.33,-128.23,0,0,1,0,0,2-Butanol
895,0.4,0.33,-102.05,0,0,1,0,0,2-Butanol
896,0.5,0.33,-156.31,0,0,1,0,0,2-Butanol
897,0.5,0.33,-119.71,0,0,1,0,0,2-Butanol
898,0.6,0.33,-187.95,0,0,1,0,0,2-Butanol
899,0.6,0.33,-140.79,0,0,1,0,0,2-Butanol
900,0.2,0.33,-44.1,0,0,0,1,0,2-propanol
901,0.2,0.33,-35.02,0,0,0,1,0,2-propanol
902,0.3,0.33,-66.13,0,0,0,1,0,2-propanol
903,0.3,0.33,-50.43,0,0,0,1,0,2-propanol
904,0.4,0.33,-90.29,0,0,0,1,0,2-propanol
905,0.4,0.33,-68.0,0,0,0,1,0,2-propanol
906,0.5,0.33,-101.74,0,0,0,1,0,2-propanol
907,0.5,0.33,-76.53,0,0,0,1,0,2-propanol
908,0.6,0.33,-117.67,0,0,0,1,0,2-propanol
909,0.6,0.33,-88.63,0,0,0,1,0,2-propanol
910,0.2,0.33,-44.67,0,0,0,1,0,2-propanol
911,0.2,0.33,-35.39,0,0,0,1,0,2-propanol
912,0.3,0.33,-66.62,0,0,0,1,0,2-propanol
913,0.3,0.33,-50.84,0,0,0,1,0,2-propanol
914,0.4,0.33,-84.41,0,0,0,1,0,2-propanol
915,0.4,0.33,-63.94,0,0,0,1,0,2-propanol
916,0.5,0.33,-97.11,0,0,0,1,0,2-propanol
917,0.5,0.33,-73.35,0,0,0,1,0,2-propanol
918,0.6,0.33,-111.06,0,0,0,1,0,2-propanol
919,0.6,0.33,-83.98,0,0,0,1,0,2-propanol
920,0.2,0.33,-44.5,0,0,0,1,0,2-propanol
921,0.2,0.33,-35.27,0,0,0,1,0,2-propanol
922,0.3,0.33,-66.6,0,0,0,1,0,2-propanol
923,0.3,0.33,-50.98,0,0,0,1,0,2-propanol
924,0.4,0.33,-80.79,0,0,0,1,0,2-propanol
925,0.4,0.33,-61.24,0,0,0,1,0,2-propanol
926,0.5,0.33,-93.34,0,0,0,1,0,2-propanol
927,0.5,0.33,-70.67,0,0,0,1,0,2-propanol
928,0.6,0.33,-106.18,0,0,0,1,0,2-propanol
929,0.6,0.33,-80.45,0,0,0,1,0,2-propanol
930,0.2,0.33,-44.34,0,0,0,1,0,2-propanol
931,0.2,0.33,-34.97,0,0,0,1,0,2-propanol
932,0.3,0.33,-66.58,0,0,0,1,0,2-propanol
933,0.3,0.33,-50.93,0,0,0,1,0,2-propanol
934,0.4,0.33,-78.07,0,0,0,1,0,2-propanol
935,0.4,0.33,-59.27,0,0,0,1,0,2-propanol
936,0.5,0.33,-89.95,0,0,0,1,0,2-propanol
937,0.5,0.33,-68.18,0,0,0,1,0,2-propanol
938,0.6,0.33,-101.46,0,0,0,1,0,2-propanol
939,0.6,0.33,-77.06,0,0,0,1,0,2-propanol
940,0.2,0.33,-44.8,0,0,0,1,0,2-propanol
941,0.2,0.33,-35.17,0,0,0,1,0,2-propanol
942,0.3,0.33,-66.2,0,0,0,1,0,2-propanol
943,0.3,0.33,-50.42,0,0,0,1,0,2-propanol
944,0.4,0.33,-76.8,0,0,0,1,0,2-propanol
945,0.4,0.33,-58.26,0,0,0,1,0,2-propanol
946,0.5,0.33,-87.09,0,0,0,1,0,2-propanol
947,0.5,0.33,-65.55,0,0,0,1,0,2-propanol
948,0.6,0.33,-98.14,0,0,0,1,0,2-propanol
949,0.6,0.33,-73.89,0,0,0,1,0,2-propanol
950,0.2,0.33,-52.22,0,0,0,0,1,1-isobutanol
951,0.2,0.33,-41.67,0,0,0,0,1,1-isobutanol
952,0.3,0.33,-75.74,0,0,0,0,1,1-isobutanol
953,0.3,0.33,-57.7,0,0,0,0,1,1-isobutanol
954,0.4,0.33,-109.1,0,0,0,0,1,1-isobutanol
955,0.4,0.33,-83.42,0,0,0,0,1,1-isobutanol
956,0.5,0.33,-149.62,0,0,0,0,1,1-isobutanol
957,0.5,0.33,-114.96,0,0,0,0,1,1-isobutanol
958,0.6,0.33,-197.35,0,0,0,0,1,1-isobutanol
959,0.6,0.33,-151.92,0,0,0,0,1,1-isobutanol
960,0.2,0.33,-54.15,0,0,0,0,1,1-isobutanol
961,0.2,0.33,-42.91,0,0,0,0,1,1-isobutanol
962,0.3,0.33,-77.43,0,0,0,0,1,1-isobutanol
963,0.3,0.33,-59.33,0,0,0,0,1,1-isobutanol
964,0.4,0.33,-112.04,0,0,0,0,1,1-isobutanol
965,0.4,0.33,-86.16,0,0,0,0,1,1-isobutanol
966,0.5,0.33,-155.04,0,0,0,0,1,1-isobutanol
967,0.5,0.33,-119.56,0,0,0,0,1,1-isobutanol
968,0.6,0.33,-205.77,0,0,0,0,1,1-isobutanol
969,0.6,0.33,-159.3,0,0,0,0,1,1-isobutanol
970,0.2,0.33,-54.72,0,0,0,0,1,1-isobutanol
971,0.2,0.33,-43.04,0,0,0,0,1,1-isobutanol
972,0.3,0.33,-78.19,0,0,0,0,1,1-isobutanol
973,0.3,0.33,-60.05,0,0,0,0,1,1-isobutanol
974,0.4,0.33,-113.36,0,0,0,0,1,1-isobutanol
975,0.4,0.33,-87.5,0,0,0,0,1,1-isobutanol
976,0.5,0.33,-157.68,0,0,0,0,1,1-isobutanol
977,0.5,0.33,-121.95,0,0,0,0,1,1-isobutanol
978,0.6,0.33,-207.96,0,0,0,0,1,1-isobutanol
979,0.6,0.33,-161.6,0,0,0,0,1,1-isobutanol
980,0.2,0.33,-54.54,0,0,0,0,1,1-isobutanol
981,0.2,0.33,-42.61,0,0,0,0,1,1-isobutanol
982,0.3,0.33,-78.67,0,0,0,0,1,1-isobutanol
983,0.3,0.33,-60.59,0,0,0,0,1,1-isobutanol
984,0.4,0.33,-114.31,0,0,0,0,1,1-isobutanol
985,0.4,0.33,-88.44,0,0,0,0,1,1-isobutanol
986,0.5,0.33,-158.35,0,0,0,0,1,1-isobutanol
987,0.5,0.33,-122.77,0,0,0,0,1,1-isobutanol
988,0.6,0.33,-207.15,0,0,0,0,1,1-isobutanol
989,0.6,0.33,-161.37,0,0,0,0,1,1-isobutanol
990,0.2,0.33,-54.47,0,0,0,0,1,1-isobutanol
991,0.2,0.33,-41.87,0,0,0,0,1,1-isobutanol
992,0.3,0.33,-79.15,0,0,0,0,1,1-isobutanol
993,0.3,0.33,-60.58,0,0,0,0,1,1-isobutanol
994,0.4,0.33,-115.72,0,0,0,0,1,1-isobutanol
995,0.4,0.33,-89.26,0,0,0,0,1,1-isobutanol
996,0.5,0.33,-159.23,0,0,0,0,1,1-isobutanol
997,0.5,0.33,-122.95,0,0,0,0,1,1-isobutanol
998,0.6,0.33,-200.98,0,0,0,0,1,1-isobutanol
999,0.6,0.33,-157.18,0,0,0,0,1,1-isobutanol
1000,0.2,0.0,-9.4,1,0,0,0,0,1-Octanol
1001,0.2,0.0,-7.95,1,0,0,0,0,1-Octanol
1002,0.3,0.0,-21.44,1,0,0,0,0,1-Octanol
1003,0.3,0.0,-17.46,1,0,0,0,0,1-Octanol
1004,0.4,0.0,-34.39,1,0,0,0,0,1-Octanol
1005,0.4,0.0,-27.35,1,0,0,0,0,1-Octanol
1006,0.5,0.0,-48.61,1,0,0,0,0,1-Octanol
1007,0.5,0.0,-39.91,1,0,0,0,0,1-Octanol
1008,0.6,0.0,-63.62,1,0,0,0,0,1-Octanol
1009,0.6,0.0,-53.14,1,0,0,0,0,1-Octanol
1010,0.2,0.0,-13.18,1,0,0,0,0,1-Octanol
1011,0.2,0.0,-12.01,1,0,0,0,0,1-Octanol
1012,0.3,0.0,-26.46,1,0,0,0,0,1-Octanol
1013,0.3,0.0,-22.75,1,0,0,0,0,1-Octanol
1014,0.4,0.0,-41.48,1,0,0,0,0,1-Octanol
1015,0.4,0.0,-34.6,1,0,0,0,0,1-Octanol
1016,0.5,0.0,-56.74,1,0,0,0,0,1-Octanol
1017,0.5,0.0,-48.68,1,0,0,0,0,1-Octanol
1018,0.6,0.0,-73.45,1,0,0,0,0,1-Octanol
1019,0.6,0.0,-63.17,1,0,0,0,0,1-Octanol
1020,0.2,0.0,-18.61,1,0,0,0,0,1-Octanol
1021,0.2,0.0,-16.29,1,0,0,0,0,1-Octanol
1022,0.3,0.0,-32.84,1,0,0,0,0,1-Octanol
1023,0.3,0.0,-28.72,1,0,0,0,0,1-Octanol
1024,0.4,0.0,-49.32,1,0,0,0,0,1-Octanol
1025,0.4,0.0,-42.29,1,0,0,0,0,1-Octanol
1026,0.5,0.0,-65.87,1,0,0,0,0,1-Octanol
1027,0.5,0.0,-57.89,1,0,0,0,0,1-Octanol
1028,0.6,0.0,-84.45,1,0,0,0,0,1-Octanol
1029,0.6,0.0,-73.99,1,0,0,0,0,1-Octanol
1030,0.2,0.0,-21.88,1,0,0,0,0,1-Octanol
1031,0.2,0.0,-19.81,1,0,0,0,0,1-Octanol
1032,0.3,0.0,-38.18,1,0,0,0,0,1-Octanol
1033,0.3,0.0,-33.77,1,0,0,0,0,1-Octanol
1034,0.4,0.0,-56.27,1,0,0,0,0,1-Octanol
1035,0.4,0.0,-48.93,1,0,0,0,0,1-Octanol
1036,0.5,0.0,-74.09,1,0,0,0,0,1-Octanol
1037,0.5,0.0,-65.99,1,0,0,0,0,1-Octanol
1038,0.6,0.0,-92.61,1,0,0,0,0,1-Octanol
1039,0.6,0.0,-83.37,1,0,0,0,0,1-Octanol
1040,0.2,0.0,-24.84,1,0,0,0,0,1-Octanol
1041,0.2,0.0,-22.36,1,0,0,0,0,1-Octanol
1042,0.3,0.0,-42.61,1,0,0,0,0,1-Octanol
1043,0.3,0.0,-37.94,1,0,0,0,0,1-Octanol
1044,0.4,0.0,-60.47,1,0,0,0,0,1-Octanol
1045,0.4,0.0,-53.86,1,0,0,0,0,1-Octanol
1046,0.5,0.0,-80.67,1,0,0,0,0,1-Octanol
1047,0.5,0.0,-72.62,1,0,0,0,0,1-Octanol
1048,0.6,0.0,-101.14,1,0,0,0,0,1-Octanol
1049,0.6,0.0,-91.33,1,0,0,0,0,1-Octanol
1050,0.2,0.0,-48.45,0,1,0,0,0,1-Propanol
1051,0.2,0.0,-56.17,0,1,0,0,0,1-Propanol
1052,0.3,0.0,-94.77,0,1,0,0,0,1-Propanol
1053,0.3,0.0,-87.56,0,1,0,0,0,1-Propanol
1054,0.4,0.0,-144.2,0,1,0,0,0,1-Propanol
1055,0.4,0.0,-125.19,0,1,0,0,0,1-Propanol
1056,0.5,0.0,-203.85,0,1,0,0,0,1-Propanol
1057,0.5,0.0,-167.42,0,1,0,0,0,1-Propanol
1058,0.6,0.0,-263.8,0,1,0,0,0,1-Propanol
1059,0.6,0.0,-218.03,0,1,0,0,0,1-Propanol
1060,0.2,0.0,-52.71,0,1,0,0,0,1-Propanol
1061,0.2,0.0,-59.26,0,1,0,0,0,1-Propanol
1062,0.3,0.0,-98.57,0,1,0,0,0,1-Propanol
1063,0.3,0.0,-89.2,0,1,0,0,0,1-Propanol
1064,0.4,0.0,-149.15,0,1,0,0,0,1-Propanol
1065,0.4,0.0,-126.75,0,1,0,0,0,1-Propanol
1066,0.5,0.0,-206.98,0,1,0,0,0,1-Propanol
1067,0.5,0.0,-169.59,0,1,0,0,0,1-Propanol
1068,0.6,0.0,-269.29,0,1,0,0,0,1-Propanol
1069,0.6,0.0,-220.77,0,1,0,0,0,1-Propanol
1070,0.2,0.0,-57.09,0,1,0,0,0,1-Propanol
1071,0.2,0.0,-60.88,0,1,0,0,0,1-Propanol
1072,0.3,0.0,-100.87,0,1,0,0,0,1-Propanol
1073,0.3,0.0,-90.63,0,1,0,0,0,1-Propanol
1074,0.4,0.0,-153.09,0,1,0,0,0,1-Propanol
1075,0.4,0.0,-127.88,0,1,0,0,0,1-Propanol
1076,0.5,0.0,-210.05,0,1,0,0,0,1-Propanol
1077,0.5,0.0,-170.99,0,1,0,0,0,1-Propanol
1078,0.6,0.0,-274.14,0,1,0,0,0,1-Propanol
1079,0.6,0.0,-222.0,0,1,0,0,0,1-Propanol
1080,0.2,0.0,-60.23,0,1,0,0,0,1-Propanol
1081,0.2,0.0,-61.76,0,1,0,0,0,1-Propanol
1082,0.3,0.0,-106.92,0,1,0,0,0,1-Propanol
1083,0.3,0.0,-91.52,0,1,0,0,0,1-Propanol
1084,0.4,0.0,-157.94,0,1,0,0,0,1-Propanol
1085,0.4,0.0,-128.49,0,1,0,0,0,1-Propanol
1086,0.5,0.0,-210.78,0,1,0,0,0,1-Propanol
1087,0.5,0.0,-171.39,0,1,0,0,0,1-Propanol
1088,0.6,0.0,-274.14,0,1,0,0,0,1-Propanol
1089,0.6,0.0,-221.0,0,1,0,0,0,1-Propanol
1090,0.2,0.0,-62.88,0,1,0,0,0,1-Propanol
1091,0.2,0.0,-62.89,0,1,0,0,0,1-Propanol
1092,0.3,0.0,-108.56,0,1,0,0,0,1-Propanol
1093,0.3,0.0,-93.26,0,1,0,0,0,1-Propanol
1094,0.4,0.0,-157.61,0,1,0,0,0,1-Propanol
1095,0.4,0.0,-129.42,0,1,0,0,0,1-Propanol
1096,0.5,0.0,-214.45,0,1,0,0,0,1-Propanol
1097,0.5,0.0,-171.58,0,1,0,0,0,1-Propanol
1098,0.6,0.0,-277.29,0,1,0,0,0,1-Propanol
1099,0.6,0.0,-219.58,0,1,0,0,0,1-Propanol
1100,0.2,0.0,-62.12,0,0,1,0,0,2-Butanol
1101,0.2,0.0,-65.95,0,0,1,0,0,2-Butanol
1102,0.3,0.0,-111.79,0,0,1,0,0,2-Butanol
1103,0.3,0.0,-109.16,0,0,1,0,0,2-Butanol
1104,0.4,0.0,-171.12,0,0,1,0,0,2-Butanol
1105,0.4,0.0,-155.86,0,0,1,0,0,2-Butanol
1106,0.5,0.0,-223.76,0,0,1,0,0,2-Butanol
1107,0.5,0.0,-209.93,0,0,1,0,0,2-Butanol
1108,0.6,0.0,-288.01,0,0,1,0,0,2-Butanol
1109,0.6,0.0,-269.96,0,0,1,0,0,2-Butanol
1110,0.2,0.0,-74.65,0,0,1,0,0,2-Butanol
1111,0.2,0.0,-68.38,0,0,1,0,0,2-Butanol
1112,0.3,0.0,-116.27,0,0,1,0,0,2-Butanol
1113,0.3,0.0,-109.51,0,0,1,0,0,2-Butanol
1114,0.4,0.0,-173.44,0,0,1,0,0,2-Butanol
1115,0.4,0.0,-157.52,0,0,1,0,0,2-Butanol
1116,0.5,0.0,-228.82,0,0,1,0,0,2-Butanol
1117,0.5,0.0,-212.0,0,0,1,0,0,2-Butanol
1118,0.6,0.0,-292.81,0,0,1,0,0,2-Butanol
1119,0.6,0.0,-272.04,0,0,1,0,0,2-Butanol
1120,0.2,0.0,-80.61,0,0,1,0,0,2-Butanol
1121,0.2,0.0,-69.71,0,0,1,0,0,2-Butanol
1122,0.3,0.0,-119.26,0,0,1,0,0,2-Butanol
1123,0.3,0.0,-110.41,0,0,1,0,0,2-Butanol
1124,0.4,0.0,-175.38,0,0,1,0,0,2-Butanol
1125,0.4,0.0,-158.87,0,0,1,0,0,2-Butanol
1126,0.5,0.0,-231.08,0,0,1,0,0,2-Butanol
1127,0.5,0.0,-213.05,0,0,1,0,0,2-Butanol
1128,0.6,0.0,-296.68,0,0,1,0,0,2-Butanol
1129,0.6,0.0,-271.47,0,0,1,0,0,2-Butanol
1130,0.2,0.0,-81.01,0,0,1,0,0,2-Butanol
1131,0.2,0.0,-70.72,0,0,1,0,0,2-Butanol
1132,0.3,0.0,-126.52,0,0,1,0,0,2-Butanol
1133,0.3,0.0,-110.98,0,0,1,0,0,2-Butanol
1134,0.4,0.0,-183.94,0,0,1,0,0,2-Butanol
1135,0.4,0.0,-159.84,0,0,1,0,0,2-Butanol
1136,0.5,0.0,-230.44,0,0,1,0,0,2-Butanol
1137,0.5,0.0,-213.17,0,0,1,0,0,2-Butanol
1138,0.6,0.0,-294.04,0,0,1,0,0,2-Butanol
1139,0.6,0.0,-269.0,0,0,1,0,0,2-Butanol
1140,0.2,0.0,-86.34,0,0,1,0,0,2-Butanol
1141,0.2,0.0,-71.04,0,0,1,0,0,2-Butanol
1142,0.3,0.0,-129.71,0,0,1,0,0,2-Butanol
1143,0.3,0.0,-112.33,0,0,1,0,0,2-Butanol
1144,0.4,0.0,-182.08,0,0,1,0,0,2-Butanol
1145,0.4,0.0,-160.74,0,0,1,0,0,2-Butanol
1146,0.5,0.0,-229.94,0,0,1,0,0,2-Butanol
1147,0.5,0.0,-211.24,0,0,1,0,0,2-Butanol
1148,0.6,0.0,-294.2,0,0,1,0,0,2-Butanol
1149,0.6,0.0,-266.83,0,0,1,0,0,2-Butanol
1150,0.2,0.0,-60.65,0,0,0,1,0,2-propanol
1151,0.2,0.0,-56.38,0,0,0,1,0,2-propanol
1152,0.3,0.0,-105.31,0,0,0,1,0,2-propanol
1153,0.3,0.0,-86.28,0,0,0,1,0,2-propanol
1154,0.4,0.0,-148.3,0,0,0,1,0,2-propanol
1155,0.4,0.0,-117.76,0,0,0,1,0,2-propanol
1156,0.5,0.0,-180.36,0,0,0,1,0,2-propanol
1157,0.5,0.0,-137.76,0,0,0,1,0,2-propanol
1158,0.6,0.0,-219.73,0,0,0,1,0,2-propanol
1159,0.6,0.0,-164.51,0,0,0,1,0,2-propanol
1160,0.2,0.0,-62.54,0,0,0,1,0,2-propanol
1161,0.2,0.0,-56.68,0,0,0,1,0,2-propanol
1162,0.3,0.0,-104.33,0,0,0,1,0,2-propanol
1163,0.3,0.0,-85.74,0,0,0,1,0,2-propanol
1164,0.4,0.0,-147.54,0,0,0,1,0,2-propanol
1165,0.4,0.0,-114.04,0,0,0,1,0,2-propanol
1166,0.5,0.0,-182.08,0,0,0,1,0,2-propanol
1167,0.5,0.0,-133.1,0,0,0,1,0,2-propanol
1168,0.6,0.0,-217.25,0,0,0,1,0,2-propanol
1169,0.6,0.0,-159.49,0,0,0,1,0,2-propanol
1170,0.2,0.0,-66.37,0,0,0,1,0,2-propanol
1171,0.2,0.0,-57.25,0,0,0,1,0,2-propanol
1172,0.3,0.0,-104.69,0,0,0,1,0,2-propanol
1173,0.3,0.0,-85.93,0,0,0,1,0,2-propanol
1174,0.4,0.0,-150.89,0,0,0,1,0,2-propanol
1175,0.4,0.0,-109.68,0,0,0,1,0,2-propanol
1176,0.5,0.0,-178.98,0,0,0,1,0,2-propanol
1177,0.5,0.0,-129.79,0,0,0,1,0,2-propanol
1178,0.6,0.0,-211.37,0,0,0,1,0,2-propanol
1179,0.6,0.0,-155.89,0,0,0,1,0,2-propanol
1180,0.2,0.0,-69.99,0,0,0,1,0,2-propanol
1181,0.2,0.0,-57.49,0,0,0,1,0,2-propanol
1182,0.3,0.0,-109.66,0,0,0,1,0,2-propanol
1183,0.3,0.0,-86.03,0,0,0,1,0,2-propanol
1184,0.4,0.0,-149.9,0,0,0,1,0,2-propanol
1185,0.4,0.0,-106.5,0,0,0,1,0,2-propanol
1186,0.5,0.0,-186.32,0,0,0,1,0,2-propanol
1187,0.5,0.0,-127.54,0,0,0,1,0,2-propanol
1188,0.6,0.0,-213.69,0,0,0,1,0,2-propanol
1189,0.6,0.0,-153.26,0,0,0,1,0,2-propanol
1190,0.2,0.0,-69.99,0,0,0,1,0,2-propanol
1191,0.2,0.0,-58.49,0,0,0,1,0,2-propanol
1192,0.3,0.0,-110.79,0,0,0,1,0,2-propanol
1193,0.3,0.0,-86.69,0,0,0,1,0,2-propanol
1194,0.4,0.0,-153.44,0,0,0,1,0,2-propanol
1195,0.4,0.0,-104.72,0,0,0,1,0,2-propanol
1196,0.5,0.0,-183.04,0,0,0,1,0,2-propanol
1197,0.5,0.0,-126.16,0,0,0,1,0,2-propanol
1198,0.6,0.0,-210.51,0,0,0,1,0,2-propanol
1199,0.6,0.0,-150.14,0,0,0,1,0,2-propanol
1200,0.2,0.0,-54.35,0,0,0,0,1,1-isobutanol
1201,0.2,0.0,-56.09,0,0,0,0,1,1-isobutanol
1202,0.3,0.0,-88.23,0,0,0,0,1,1-isobutanol
1203,0.3,0.0,-90.54,0,0,0,0,1,1-isobutanol
1204,0.4,0.0,-128.65,0,0,0,0,1,1-isobutanol
1205,0.4,0.0,-132.19,0,0,0,0,1,1-isobutanol
1206,0.5,0.0,-173.71,0,0,0,0,1,1-isobutanol
1207,0.5,0.0,-179.36,0,0,0,0,1,1-isobutanol
1208,0.6,0.0,-231.3,0,0,0,0,1,1-isobutanol
1209,0.6,0.0,-239.19,0,0,0,0,1,1-isobutanol
1210,0.2,0.0,-56.14,0,0,0,0,1,1-isobutanol
1211,0.2,0.0,-57.35,0,0,0,0,1,1-isobutanol
1212,0.3,0.0,-90.74,0,0,0,0,1,1-isobutanol
1213,0.3,0.0,-92.6,0,0,0,0,1,1-isobutanol
1214,0.4,0.0,-132.16,0,0,0,0,1,1-isobutanol
1215,0.4,0.0,-135.36,0,0,0,0,1,1-isobutanol
1216,0.5,0.0,-178.79,0,0,0,0,1,1-isobutanol
1217,0.5,0.0,-183.93,0,0,0,0,1,1-isobutanol
1218,0.6,0.0,-239.06,0,0,0,0,1,1-isobutanol
1219,0.6,0.0,-246.53,0,0,0,0,1,1-isobutanol
1220,0.2,0.0,-57.71,0,0,0,0,1,1-isobutanol
1221,0.2,0.0,-58.37,0,0,0,0,1,1-isobutanol
1222,0.3,0.0,-92.83,0,0,0,0,1,1-isobutanol
1223,0.3,0.0,-93.91,0,0,0,0,1,1-isobutanol
1224,0.4,0.0,-134.83,0,0,0,0,1,1-isobutanol
1225,0.4,0.0,-137.56,0,0,0,0,1,1-isobutanol
1226,0.5,0.0,-182.33,0,0,0,0,1,1-isobutanol
1227,0.5,0.0,-187.16,0,0,0,0,1,1-isobutanol
1228,0.6,0.0,-243.12,0,0,0,0,1,1-isobutanol
1229,0.6,0.0,-250.3,0,0,0,0,1,1-isobutanol
1230,0.2,0.0,-58.36,0,0,0,0,1,1-isobutanol
1231,0.2,0.0,-58.92,0,0,0,0,1,1-isobutanol
1232,0.3,0.0,-94.31,0,0,0,0,1,1-isobutanol
1233,0.3,0.0,-95.13,0,0,0,0,1,1-isobutanol
1234,0.4,0.0,-136.44,0,0,0,0,1,1-isobutanol
1235,0.4,0.0,-138.96,0,0,0,0,1,1-isobutanol
1236,0.5,0.0,-184.7,0,0,0,0,1,1-isobutanol
1237,0.5,0.0,-189.32,0,0,0,0,1,1-isobutanol
1238,0.6,0.0,-246.15,0,0,0,0,1,1-isobutanol
1239,0.6,0.0,-252.8,0,0,0,0,1,1-isobutanol
1240,0.2,0.0,-59.0,0,0,0,0,1,1-isobutanol
1241,0.2,0.0,-59.26,0,0,0,0,1,1-isobutanol
1242,0.3,0.0,-94.97,0,0,0,0,1,1-isobutanol
1243,0.3,0.0,-95.51,0,0,0,0,1,1-isobutanol
1244,0.4,0.0,-137.28,0,0,0,0,1,1-isobutanol
1245,0.4,0.0,-139.36,0,0,0,0,1,1-isobutanol
1246,0.5,0.0,-186.98,0,0,0,0,1,1-isobutanol
1247,0.5,0.0,-191.19,0,0,0,0,1,1-isobutanol
1248,0.6,0.0,-248.98,0,0,0,0,1,1-isobutanol
1249,0.6,0.0,-255.23,0,0,0,0,1,1-isobutanol
