,Concentration,Sensor,Alcohol,Readings
0,0.2,0.5,1-Octanol,-10.06
1,0.2,0.5,1-Octanol,-10.62
2,0.3,0.5,1-Octanol,-14.43
3,0.3,0.5,1-Octanol,-18.31
4,0.4,0.5,1-Octanol,-24.64
5,0.4,0.5,1-Octanol,-30.56
6,0.5,0.5,1-Octanol,-38.62
7,0.5,0.5,1-Octanol,-45.59
8,0.6,0.5,1-Octanol,-54.89
9,0.6,0.5,1-Octanol,-62.28
10,0.2,0.5,1-Octanol,-9.69
11,0.2,0.5,1-Octanol,-10.86
12,0.3,0.5,1-Octanol,-16.73
13,0.3,0.5,1-Octanol,-21.75
14,0.4,0.5,1-Octanol,-28.47
15,0.4,0.5,1-Octanol,-35.83
16,0.5,0.5,1-Octanol,-43.65
17,0.5,0.5,1-Octanol,-52.43
18,0.6,0.5,1-Octanol,-61.92
19,0.6,0.5,1-Octanol,-71.27
20,0.2,0.5,1-Octanol,-12.07
21,0.2,0.5,1-Octanol,-14.28
22,0.3,0.5,1-Octanol,-21.54
23,0.3,0.5,1-Octanol,-27.92
24,0.4,0.5,1-Octanol,-35.19
25,0.4,0.5,1-Octanol,-43.94
26,0.5,0.5,1-Octanol,-52.04
27,0.5,0.5,1-Octanol,-62.49
28,0.6,0.5,1-Octanol,-71.97
29,0.6,0.5,1-Octanol,-83.1
30,0.2,0.5,1-Octanol,-14.21
31,0.2,0.5,1-Octanol,-17.41
32,0.3,0.5,1-Octanol,-25.91
33,0.3,0.5,1-Octanol,-33.36
34,0.4,0.5,1-Octanol,-41.29
35,0.4,0.5,1-Octanol,-51.27
36,0.5,0.5,1-Octanol,-59.94
37,0.5,0.5,1-Octanol,-71.55
38,0.6,0.5,1-Octanol,-81.51
39,0.6,0.5,1-Octanol,-93.83
40,0.2,0.5,1-Octanol,-16.57
41,0.2,0.5,1-Octanol,-20.35
42,0.3,0.5,1-Octanol,-29.97
43,0.3,0.5,1-Octanol,-37.84
44,0.4,0.5,1-Octanol,-47.03
45,0.4,0.5,1-Octanol,-57.29
46,0.5,0.5,1-Octanol,-67.13
47,0.5,0.5,1-Octanol,-78.96
48,0.6,0.5,1-Octanol,-90.01
49,0.6,0.5,1-Octanol,-102.65
50,0.2,0.5,1-Propanol,-75.61
51,0.2,0.5,1-Propanol,-64.1
52,0.3,0.5,1-Propanol,-122.08
53,0.3,0.5,1-Propanol,-102.17
54,0.4,0.5,1-Propanol,-174.79
55,0.4,0.5,1-Propanol,-145.5
56,0.5,0.5,1-Propanol,-214.69
57,0.5,0.5,1-Propanol,-177.3
58,0.6,0.5,1-Propanol,-250.83
59,0.6,0.5,1-Propanol,-207.99
60,0.2,0.5,1-Propanol,-76.28
61,0.2,0.5,1-Propanol,-64.53
62,0.3,0.5,1-Propanol,-123.4
63,0.3,0.5,1-Propanol,-103.06
64,0.4,0.5,1-Propanol,-174.74
65,0.4,0.5,1-Propanol,-144.98
66,0.5,0.5,1-Propanol,-206.75
67,0.5,0.5,1-Propanol,-170.68
68,0.6,0.5,1-Propanol,-240.14
69,0.6,0.5,1-Propanol,-200.05
70,0.2,0.5,1-Propanol,-76.96
71,0.2,0.5,1-Propanol,-65.37
72,0.3,0.5,1-Propanol,-124.5
73,0.3,0.5,1-Propanol,-103.87
74,0.4,0.5,1-Propanol,-169.93
75,0.4,0.5,1-Propanol,-140.56
76,0.5,0.5,1-Propanol,-200.89
77,0.5,0.5,1-Propanol,-165.88
78,0.6,0.5,1-Propanol,-232.82
79,0.6,0.5,1-Propanol,-194.7
80,0.2,0.5,1-Propanol,-78.29
81,0.2,0.5,1-Propanol,-66.49
82,0.3,0.5,1-Propanol,-125.78
83,0.3,0.5,1-Propanol,-104.77
84,0.4,0.5,1-Propanol,-165.42
85,0.4,0.5,1-Propanol,-136.17
86,0.5,0.5,1-Propanol,-196.1
87,0.5,0.5,1-Propanol,-161.99
88,0.6,0.5,1-Propanol,-226.89
89,0.6,0.5,1-Propanol,-189.57
90,0.2,0.5,1-Propanol,-79.62
91,0.2,0.5,1-Propanol,-66.85
92,0.3,0.5,1-Propanol,-126.61
93,0.3,0.5,1-Propanol,-104.38
94,0.4,0.5,1-Propanol,-162.73
95,0.4,0.5,1-Propanol,-133.26
96,0.5,0.5,1-Propanol,-194.87
97,0.5,0.5,1-Propanol,-160.68
98,0.6,0.5,1-Propanol,-221.33
99,0.6,0.5,1-Propanol,-183.81
100,0.2,0.5,2-Butanol,-88.03
101,0.2,0.5,2-Butanol,-76.88
102,0.3,0.5,2-Butanol,-128.47
103,0.3,0.5,2-Butanol,-124.36
104,0.4,0.5,2-Butanol,-177.13
105,0.4,0.5,2-Butanol,-175.21
106,0.5,0.5,2-Butanol,-220.91
107,0.5,0.5,2-Butanol,-218.92
108,0.6,0.5,2-Butanol,-274.27
109,0.6,0.5,2-Butanol,-268.55
110,0.2,0.5,2-Butanol,-91.08
111,0.2,0.5,2-Butanol,-79.42
112,0.3,0.5,2-Butanol,-131.32
113,0.3,0.5,2-Butanol,-125.91
114,0.4,0.5,2-Butanol,-182.66
115,0.4,0.5,2-Butanol,-178.76
116,0.5,0.5,2-Butanol,-224.73
117,0.5,0.5,2-Butanol,-221.49
118,0.6,0.5,2-Butanol,-272.67
119,0.6,0.5,2-Butanol,-266.15
120,0.2,0.5,2-Butanol,-92.08
121,0.2,0.5,2-Butanol,-80.56
122,0.3,0.5,2-Butanol,-132.5
123,0.3,0.5,2-Butanol,-126.99
124,0.4,0.5,2-Butanol,-183.33
125,0.4,0.5,2-Butanol,-179.25
126,0.5,0.5,2-Butanol,-222.6
127,0.5,0.5,2-Butanol,-219.52
128,0.6,0.5,2-Butanol,-264.81
129,0.6,0.5,2-Butanol,-259.99
130,0.2,0.5,2-Butanol,-92.58
131,0.2,0.5,2-Butanol,-81.3
132,0.3,0.5,2-Butanol,-133.54
133,0.3,0.5,2-Butanol,-127.76
134,0.4,0.5,2-Butanol,-182.34
135,0.4,0.5,2-Butanol,-177.94
136,0.5,0.5,2-Butanol,-217.73
137,0.5,0.5,2-Butanol,-215.09
138,0.6,0.5,2-Butanol,-255.14
139,0.6,0.5,2-Butanol,-251.88
140,0.2,0.5,2-Butanol,-93.29
141,0.2,0.5,2-Butanol,-81.88
142,0.3,0.5,2-Butanol,-133.96
143,0.3,0.5,2-Butanol,-127.68
144,0.4,0.5,2-Butanol,-178.29
145,0.4,0.5,2-Butanol,-173.59
146,0.5,0.5,2-Butanol,-211.85
147,0.5,0.5,2-Butanol,-209.7
148,0.6,0.5,2-Butanol,-248.13
149,0.6,0.5,2-Butanol,-245.84
150,0.2,0.5,2-propanol,-68.84
151,0.2,0.5,2-propanol,-78.0
152,0.3,0.5,2-propanol,-97.04
153,0.3,0.5,2-propanol,-107.38
154,0.4,0.5,2-propanol,-128.66
155,0.4,0.5,2-propanol,-138.16
156,0.5,0.5,2-propanol,-152.78
157,0.5,0.5,2-propanol,-159.83
158,0.6,0.5,2-propanol,-185.98
159,0.6,0.5,2-propanol,-191.71
160,0.2,0.5,2-propanol,-67.95
161,0.2,0.5,2-propanol,-76.82
162,0.3,0.5,2-propanol,-95.08
163,0.3,0.5,2-propanol,-105.21
164,0.4,0.5,2-propanol,-123.29
165,0.4,0.5,2-propanol,-132.91
166,0.5,0.5,2-propanol,-146.27
167,0.5,0.5,2-propanol,-153.75
168,0.6,0.5,2-propanol,-176.94
169,0.6,0.5,2-propanol,-184.07
170,0.2,0.5,2-propanol,-67.29
171,0.2,0.5,2-propanol,-75.99
172,0.3,0.5,2-propanol,-94.75
173,0.3,0.5,2-propanol,-104.77
174,0.4,0.5,2-propanol,-118.7
175,0.4,0.5,2-propanol,-128.29
176,0.5,0.5,2-propanol,-142.31
177,0.5,0.5,2-propanol,-150.07
178,0.6,0.5,2-propanol,-172.51
179,0.6,0.5,2-propanol,-180.33
180,0.2,0.5,2-propanol,-66.38
181,0.2,0.5,2-propanol,-74.97
182,0.3,0.5,2-propanol,-93.75
183,0.3,0.5,2-propanol,-103.66
184,0.4,0.5,2-propanol,-114.96
185,0.4,0.5,2-propanol,-124.23
186,0.5,0.5,2-propanol,-139.18
187,0.5,0.5,2-propanol,-147.22
188,0.6,0.5,2-propanol,-170.52
189,0.6,0.5,2-propanol,-178.7
190,0.2,0.5,2-propanol,-66.12
191,0.2,0.5,2-propanol,-74.25
192,0.3,0.5,2-propanol,-93.09
193,0.3,0.5,2-propanol,-102.5
194,0.4,0.5,2-propanol,-111.78
195,0.4,0.5,2-propanol,-120.95
196,0.5,0.5,2-propanol,-136.83
197,0.5,0.5,2-propanol,-145.02
198,0.6,0.5,2-propanol,-168.05
199,0.6,0.5,2-propanol,-175.16
200,0.2,0.5,1-isobutanol,-65.56
201,0.2,0.5,1-isobutanol,-71.66
202,0.3,0.5,1-isobutanol,-100.34
203,0.3,0.5,1-isobutanol,-109.75
204,0.4,0.5,1-isobutanol,-148.72
205,0.4,0.5,1-isobutanol,-157.43
206,0.5,0.5,1-isobutanol,-208.83
207,0.5,0.5,1-isobutanol,-212.29
208,0.6,0.5,1-isobutanol,-268.57
209,0.6,0.5,1-isobutanol,-268.95
210,0.2,0.5,1-isobutanol,-65.95
211,0.2,0.5,1-isobutanol,-72.17
212,0.3,0.5,1-isobutanol,-101.82
213,0.3,0.5,1-isobutanol,-111.37
214,0.4,0.5,1-isobutanol,-151.04
215,0.4,0.5,1-isobutanol,-159.59
216,0.5,0.5,1-isobutanol,-211.86
217,0.5,0.5,1-isobutanol,-214.85
218,0.6,0.5,1-isobutanol,-269.62
219,0.6,0.5,1-isobutanol,-270.97
220,0.2,0.5,1-isobutanol,-66.42
221,0.2,0.5,1-isobutanol,-72.72
222,0.3,0.5,1-isobutanol,-103.32
223,0.3,0.5,1-isobutanol,-112.74
224,0.4,0.5,1-isobutanol,-152.73
225,0.4,0.5,1-isobutanol,-161.12
226,0.5,0.5,1-isobutanol,-215.4
227,0.5,0.5,1-isobutanol,-217.42
228,0.6,0.5,1-isobutanol,-269.84
229,0.6,0.5,1-isobutanol,-271.73
230,0.2,0.5,1-isobutanol,-66.51
231,0.2,0.5,1-isobutanol,-73.04
232,0.3,0.5,1-isobutanol,-104.47
233,0.3,0.5,1-isobutanol,-113.72
234,0.4,0.5,1-isobutanol,-154.3
235,0.4,0.5,1-isobutanol,-162.43
236,0.5,0.5,1-isobutanol,-216.46
237,0.5,0.5,1-isobutanol,-217.99
238,0.6,0.5,1-isobutanol,-267.13
239,0.6,0.5,1-isobutanol,-269.45
240,0.2,0.5,1-isobutanol,-66.68
241,0.2,0.5,1-isobutanol,-73.19
242,0.3,0.5,1-isobutanol,-105.21
243,0.3,0.5,1-isobutanol,-113.27
244,0.4,0.5,1-isobutanol,-154.42
245,0.4,0.5,1-isobutanol,-161.48
246,0.5,0.5,1-isobutanol,-215.52
247,0.5,0.5,1-isobutanol,-216.68
248,0.6,0.5,1-isobutanol,-262.01
249,0.6,0.5,1-isobutanol,-263.28
250,0.2,1.0,1-Octanol,-11.82
251,0.2,1.0,1-Octanol,-13.29
252,0.3,1.0,1-Octanol,-19.32
253,0.3,1.0,1-Octanol,-26.28
254,0.4,1.0,1-Octanol,-38.14
255,0.4,1.0,1-Octanol,-50.09
256,0.5,1.0,1-Octanol,-59.78
257,0.5,1.0,1-Octanol,-75.04
258,0.6,1.0,1-Octanol,-85.63
259,0.6,1.0,1-Octanol,-104.66
260,0.2,1.0,1-Octanol,-11.54
261,0.2,1.0,1-Octanol,-14.18
262,0.3,1.0,1-Octanol,-25.35
263,0.3,1.0,1-Octanol,-32.75
264,0.4,1.0,1-Octanol,-48.77
265,0.4,1.0,1-Octanol,-60.08
266,0.5,1.0,1-Octanol,-75.41
267,0.5,1.0,1-Octanol,-89.72
268,0.6,1.0,1-Octanol,-104.25
269,0.6,1.0,1-Octanol,-121.9
270,0.2,1.0,1-Octanol,-12.45
271,0.2,1.0,1-Octanol,-15.81
272,0.3,1.0,1-Octanol,-33.33
273,0.3,1.0,1-Octanol,-40.64
274,0.4,1.0,1-Octanol,-61.5
275,0.4,1.0,1-Octanol,-72.12
276,0.5,1.0,1-Octanol,-91.75
277,0.5,1.0,1-Octanol,-104.67
278,0.6,1.0,1-Octanol,-124.21
279,0.6,1.0,1-Octanol,-139.76
280,0.2,1.0,1-Octanol,-14.67
281,0.2,1.0,1-Octanol,-18.49
282,0.3,1.0,1-Octanol,-40.56
283,0.3,1.0,1-Octanol,-47.67
284,0.4,1.0,1-Octanol,-72.11
285,0.4,1.0,1-Octanol,-82.19
286,0.5,1.0,1-Octanol,-106.26
287,0.5,1.0,1-Octanol,-118.26
288,0.6,1.0,1-Octanol,-141.95
289,0.6,1.0,1-Octanol,-155.84
290,0.2,1.0,1-Octanol,-18.07
291,0.2,1.0,1-Octanol,-19.74
292,0.3,1.0,1-Octanol,-47.08
293,0.3,1.0,1-Octanol,-53.5
294,0.4,1.0,1-Octanol,-81.15
295,0.4,1.0,1-Octanol,-89.81
296,0.5,1.0,1-Octanol,-117.91
297,0.5,1.0,1-Octanol,-128.1
298,0.6,1.0,1-Octanol,-156.66
299,0.6,1.0,1-Octanol,-168.72
300,0.2,1.0,1-Propanol,-98.63
301,0.2,1.0,1-Propanol,-97.92
302,0.3,1.0,1-Propanol,-137.15
303,0.3,1.0,1-Propanol,-131.93
304,0.4,1.0,1-Propanol,-191.17
305,0.4,1.0,1-Propanol,-180.52
306,0.5,1.0,1-Propanol,-260.06
307,0.5,1.0,1-Propanol,-240.69
308,0.6,1.0,1-Propanol,-352.22
309,0.6,1.0,1-Propanol,-321.2
310,0.2,1.0,1-Propanol,-96.62
311,0.2,1.0,1-Propanol,-96.5
312,0.3,1.0,1-Propanol,-136.86
313,0.3,1.0,1-Propanol,-131.75
314,0.4,1.0,1-Propanol,-192.76
315,0.4,1.0,1-Propanol,-182.3
316,0.5,1.0,1-Propanol,-264.07
317,0.5,1.0,1-Propanol,-245.29
318,0.6,1.0,1-Propanol,-357.64
319,0.6,1.0,1-Propanol,-327.04
320,0.2,1.0,1-Propanol,-95.58
321,0.2,1.0,1-Propanol,-95.61
322,0.3,1.0,1-Propanol,-137.43
323,0.3,1.0,1-Propanol,-132.2
324,0.4,1.0,1-Propanol,-193.5
325,0.4,1.0,1-Propanol,-183.3
326,0.5,1.0,1-Propanol,-266.77
327,0.5,1.0,1-Propanol,-248.06
328,0.6,1.0,1-Propanol,-359.32
329,0.6,1.0,1-Propanol,-329.25
330,0.2,1.0,1-Propanol,-94.48
331,0.2,1.0,1-Propanol,-94.49
332,0.3,1.0,1-Propanol,-136.49
333,0.3,1.0,1-Propanol,-132.39
334,0.4,1.0,1-Propanol,-193.9
335,0.4,1.0,1-Propanol,-184.2
336,0.5,1.0,1-Propanol,-267.82
337,0.5,1.0,1-Propanol,-249.31
338,0.6,1.0,1-Propanol,-361.72
339,0.6,1.0,1-Propanol,-331.38
340,0.2,1.0,1-Propanol,-94.04
341,0.2,1.0,1-Propanol,-93.29
342,0.3,1.0,1-Propanol,-136.13
343,0.3,1.0,1-Propanol,-130.11
344,0.4,1.0,1-Propanol,-194.96
345,0.4,1.0,1-Propanol,-183.4
346,0.5,1.0,1-Propanol,-267.72
347,0.5,1.0,1-Propanol,-249.56
348,0.6,1.0,1-Propanol,-360.72
349,0.6,1.0,1-Propanol,-330.82
350,0.2,1.0,2-Butanol,-90.31
351,0.2,1.0,2-Butanol,-97.75
352,0.3,1.0,2-Butanol,-159.99
353,0.3,1.0,2-Butanol,-153.6
354,0.4,1.0,2-Butanol,-248.81
355,0.4,1.0,2-Butanol,-219.47
356,0.5,1.0,2-Butanol,-337.16
357,0.5,1.0,2-Butanol,-287.02
358,0.6,1.0,2-Butanol,-427.01
359,0.6,1.0,2-Butanol,-360.56
360,0.2,1.0,2-Butanol,-93.79
361,0.2,1.0,2-Butanol,-99.97
362,0.3,1.0,2-Butanol,-164.98
363,0.3,1.0,2-Butanol,-156.41
364,0.4,1.0,2-Butanol,-255.59
365,0.4,1.0,2-Butanol,-223.56
366,0.5,1.0,2-Butanol,-341.09
367,0.5,1.0,2-Butanol,-289.88
368,0.6,1.0,2-Butanol,-426.05
369,0.6,1.0,2-Butanol,-360.56
370,0.2,1.0,2-Butanol,-95.86
371,0.2,1.0,2-Butanol,-101.04
372,0.3,1.0,2-Butanol,-168.38
373,0.3,1.0,2-Butanol,-157.85
374,0.4,1.0,2-Butanol,-259.27
375,0.4,1.0,2-Butanol,-224.68
376,0.5,1.0,2-Butanol,-336.37
377,0.5,1.0,2-Butanol,-285.85
378,0.6,1.0,2-Butanol,-413.52
379,0.6,1.0,2-Butanol,-351.05
380,0.2,1.0,2-Butanol,-97.7
381,0.2,1.0,2-Butanol,-102.02
382,0.3,1.0,2-Butanol,-172.03
383,0.3,1.0,2-Butanol,-158.71
384,0.4,1.0,2-Butanol,-261.38
385,0.4,1.0,2-Butanol,-224.8
386,0.5,1.0,2-Butanol,-328.87
387,0.5,1.0,2-Butanol,-278.99
388,0.6,1.0,2-Butanol,-395.35
389,0.6,1.0,2-Butanol,-334.79
390,0.2,1.0,2-Butanol,-98.99
391,0.2,1.0,2-Butanol,-101.34
392,0.3,1.0,2-Butanol,-174.99
393,0.3,1.0,2-Butanol,-157.25
394,0.4,1.0,2-Butanol,-258.76
395,0.4,1.0,2-Butanol,-222.1
396,0.5,1.0,2-Butanol,-318.91
397,0.5,1.0,2-Butanol,-269.47
398,0.6,1.0,2-Butanol,-383.93
399,0.6,1.0,2-Butanol,-325.01
400,0.2,1.0,2-propanol,-68.13
401,0.2,1.0,2-propanol,-53.77
402,0.3,1.0,2-propanol,-108.27
403,0.3,1.0,2-propanol,-91.8
404,0.4,1.0,2-propanol,-153.07
405,0.4,1.0,2-propanol,-135.1
406,0.5,1.0,2-propanol,-181.96
407,0.5,1.0,2-propanol,-165.24
408,0.6,1.0,2-propanol,-216.15
409,0.6,1.0,2-propanol,-202.26
410,0.2,1.0,2-propanol,-69.54
411,0.2,1.0,2-propanol,-55.73
412,0.3,1.0,2-propanol,-109.49
413,0.3,1.0,2-propanol,-93.98
414,0.4,1.0,2-propanol,-151.26
415,0.4,1.0,2-propanol,-134.78
416,0.5,1.0,2-propanol,-174.59
417,0.5,1.0,2-propanol,-161.28
418,0.6,1.0,2-propanol,-205.61
419,0.6,1.0,2-propanol,-195.44
420,0.2,1.0,2-propanol,-70.31
421,0.2,1.0,2-propanol,-57.01
422,0.3,1.0,2-propanol,-110.39
423,0.3,1.0,2-propanol,-95.45
424,0.4,1.0,2-propanol,-144.23
425,0.4,1.0,2-propanol,-129.9
426,0.5,1.0,2-propanol,-168.8
427,0.5,1.0,2-propanol,-157.56
428,0.6,1.0,2-propanol,-198.45
429,0.6,1.0,2-propanol,-190.72
430,0.2,1.0,2-propanol,-70.4
431,0.2,1.0,2-propanol,-57.63
432,0.3,1.0,2-propanol,-110.03
433,0.3,1.0,2-propanol,-95.97
434,0.4,1.0,2-propanol,-137.89
435,0.4,1.0,2-propanol,-125.45
436,0.5,1.0,2-propanol,-163.89
437,0.5,1.0,2-propanol,-154.37
438,0.6,1.0,2-propanol,-192.03
439,0.6,1.0,2-propanol,-186.27
440,0.2,1.0,2-propanol,-71.48
441,0.2,1.0,2-propanol,-57.84
442,0.3,1.0,2-propanol,-110.46
443,0.3,1.0,2-propanol,-95.21
444,0.4,1.0,2-propanol,-134.85
445,0.4,1.0,2-propanol,-122.39
446,0.5,1.0,2-propanol,-160.98
447,0.5,1.0,2-propanol,-152.93
448,0.6,1.0,2-propanol,-187.98
449,0.6,1.0,2-propanol,-183.8
450,0.2,1.0,1-isobutanol,-66.05
451,0.2,1.0,1-isobutanol,-55.55
452,0.3,1.0,1-isobutanol,-136.84
453,0.3,1.0,1-isobutanol,-112.44
454,0.4,1.0,1-isobutanol,-211.41
455,0.4,1.0,1-isobutanol,-176.55
456,0.5,1.0,1-isobutanol,-300.14
457,0.5,1.0,1-isobutanol,-252.75
458,0.6,1.0,1-isobutanol,-417.08
459,0.6,1.0,1-isobutanol,-353.5
460,0.2,1.0,1-isobutanol,-73.04
461,0.2,1.0,1-isobutanol,-60.95
462,0.3,1.0,1-isobutanol,-141.43
463,0.3,1.0,1-isobutanol,-116.96
464,0.4,1.0,1-isobutanol,-217.81
465,0.4,1.0,1-isobutanol,-183.1
466,0.5,1.0,1-isobutanol,-309.05
467,0.5,1.0,1-isobutanol,-261.66
468,0.6,1.0,1-isobutanol,-429.28
469,0.6,1.0,1-isobutanol,-365.93
470,0.2,1.0,1-isobutanol,-76.09
471,0.2,1.0,1-isobutanol,-63.93
472,0.3,1.0,1-isobutanol,-143.7
473,0.3,1.0,1-isobutanol,-119.61
474,0.4,1.0,1-isobutanol,-221.81
475,0.4,1.0,1-isobutanol,-187.0
476,0.5,1.0,1-isobutanol,-313.96
477,0.5,1.0,1-isobutanol,-266.76
478,0.6,1.0,1-isobutanol,-436.02
479,0.6,1.0,1-isobutanol,-372.47
480,0.2,1.0,1-isobutanol,-78.81
481,0.2,1.0,1-isobutanol,-65.68
482,0.3,1.0,1-isobutanol,-146.01
483,0.3,1.0,1-isobutanol,-121.49
484,0.4,1.0,1-isobutanol,-223.79
485,0.4,1.0,1-isobutanol,-189.51
486,0.5,1.0,1-isobutanol,-319.61
487,0.5,1.0,1-isobutanol,-271.93
488,0.6,1.0,1-isobutanol,-439.91
489,0.6,1.0,1-isobutanol,-376.66
490,0.2,1.0,1-isobutanol,-82.17
491,0.2,1.0,1-isobutanol,-67.91
492,0.3,1.0,1-isobutanol,-149.03
493,0.3,1.0,1-isobutanol,-123.4
494,0.4,1.0,1-isobutanol,-225.73
495,0.4,1.0,1-isobutanol,-191.28
496,0.5,1.0,1-isobutanol,-322.75
497,0.5,1.0,1-isobutanol,-274.53
498,0.6,1.0,1-isobutanol,-447.74
499,0.6,1.0,1-isobutanol,-381.94
500,0.2,0.67,1-Octanol,-11.23
501,0.2,0.67,1-Octanol,-14.21
502,0.3,0.67,1-Octanol,-18.71
503,0.3,0.67,1-Octanol,-22.65
504,0.4,0.67,1-Octanol,-27.32
505,0.4,0.67,1-Octanol,-32.39
506,0.5,0.67,1-Octanol,-35.28
507,0.5,0.67,1-Octanol,-40.72
508,0.6,0.67,1-Octanol,-40.63
509,0.6,0.67,1-Octanol,-49.87
510,0.2,0.67,1-Octanol,-12.44
511,0.2,0.67,1-Octanol,-15.44
512,0.3,0.67,1-Octanol,-21.13
513,0.3,0.67,1-Octanol,-25.53
514,0.4,0.67,1-Octanol,-30.45
515,0.4,0.67,1-Octanol,-36.22
516,0.5,0.67,1-Octanol,-36.85
517,0.5,0.67,1-Octanol,-45.11
518,0.6,0.67,1-Octanol,-45.4
519,0.6,0.67,1-Octanol,-55.16
520,0.2,0.67,1-Octanol,-13.75
521,0.2,0.67,1-Octanol,-16.72
522,0.3,0.67,1-Octanol,-24.0
523,0.3,0.67,1-Octanol,-28.29
524,0.4,0.67,1-Octanol,-33.91
525,0.4,0.67,1-Octanol,-39.95
526,0.5,0.67,1-Octanol,-40.96
527,0.5,0.67,1-Octanol,-49.43
528,0.6,0.67,1-Octanol,-49.91
529,0.6,0.67,1-Octanol,-60.11
530,0.2,0.67,1-Octanol,-15.05
531,0.2,0.67,1-Octanol,-17.98
532,0.3,0.67,1-Octanol,-26.42
533,0.3,0.67,1-Octanol,-30.65
534,0.4,0.67,1-Octanol,-36.56
535,0.4,0.67,1-Octanol,-43.0
536,0.5,0.67,1-Octanol,-43.81
537,0.5,0.67,1-Octanol,-52.73
538,0.6,0.67,1-Octanol,-53.89
539,0.6,0.67,1-Octanol,-64.35
540,0.2,0.67,1-Octanol,-16.67
541,0.2,0.67,1-Octanol,-19.11
542,0.3,0.67,1-Octanol,-28.69
543,0.3,0.67,1-Octanol,-32.58
544,0.4,0.67,1-Octanol,-39.62
545,0.4,0.67,1-Octanol,-45.68
546,0.5,0.67,1-Octanol,-47.16
547,0.5,0.67,1-Octanol,-55.65
548,0.6,0.67,1-Octanol,-57.2
549,0.6,0.67,1-Octanol,-67.68
550,0.2,0.67,1-Propanol,-35.68
551,0.2,0.67,1-Propanol,-55.46
552,0.3,0.67,1-Propanol,-44.41
553,0.3,0.67,1-Propanol,-62.35
554,0.4,0.67,1-Propanol,-56.36
555,0.4,0.67,1-Propanol,-72.43
556,0.5,0.67,1-Propanol,-66.26
557,0.5,0.67,1-Propanol,-80.33
558,0.6,0.67,1-Propanol,-79.56
559,0.6,0.67,1-Propanol,-91.76
560,0.2,0.67,1-Propanol,-34.99
561,0.2,0.67,1-Propanol,-54.77
562,0.3,0.67,1-Propanol,-45.11
563,0.3,0.67,1-Propanol,-62.89
564,0.4,0.67,1-Propanol,-56.03
565,0.4,0.67,1-Propanol,-72.68
566,0.5,0.67,1-Propanol,-65.75
567,0.5,0.67,1-Propanol,-80.24
568,0.6,0.67,1-Propanol,-76.75
569,0.6,0.67,1-Propanol,-89.86
570,0.2,0.67,1-Propanol,-35.99
571,0.2,0.67,1-Propanol,-54.37
572,0.3,0.67,1-Propanol,-45.34
573,0.3,0.67,1-Propanol,-62.7
574,0.4,0.67,1-Propanol,-54.89
575,0.4,0.67,1-Propanol,-71.23
576,0.5,0.67,1-Propanol,-64.63
577,0.5,0.67,1-Propanol,-79.05
578,0.6,0.67,1-Propanol,-74.92
579,0.6,0.67,1-Propanol,-88.07
580,0.2,0.67,1-Propanol,-35.85
581,0.2,0.67,1-Propanol,-53.94
582,0.3,0.67,1-Propanol,-45.24
583,0.3,0.67,1-Propanol,-62.31
584,0.4,0.67,1-Propanol,-53.55
585,0.4,0.67,1-Propanol,-69.54
586,0.5,0.67,1-Propanol,-63.43
587,0.5,0.67,1-Propanol,-77.51
588,0.6,0.67,1-Propanol,-73.38
589,0.6,0.67,1-Propanol,-86.43
590,0.2,0.67,1-Propanol,-35.88
591,0.2,0.67,1-Propanol,-53.42
592,0.3,0.67,1-Propanol,-45.3
593,0.3,0.67,1-Propanol,-62.02
594,0.4,0.67,1-Propanol,-53.81
595,0.4,0.67,1-Propanol,-68.74
596,0.5,0.67,1-Propanol,-62.3
597,0.5,0.67,1-Propanol,-76.12
598,0.6,0.67,1-Propanol,-72.33
599,0.6,0.67,1-Propanol,-84.57
600,0.2,0.67,2-Butanol,-31.86
601,0.2,0.67,2-Butanol,-47.42
602,0.3,0.67,2-Butanol,-45.81
603,0.3,0.67,2-Butanol,-61.16
604,0.4,0.67,2-Butanol,-61.55
605,0.4,0.67,2-Butanol,-76.42
606,0.5,0.67,2-Butanol,-76.12
607,0.5,0.67,2-Butanol,-89.12
608,0.6,0.67,2-Butanol,-94.11
609,0.6,0.67,2-Butanol,-104.97
610,0.2,0.67,2-Butanol,-32.66
611,0.2,0.67,2-Butanol,-47.88
612,0.3,0.67,2-Butanol,-46.52
613,0.3,0.67,2-Butanol,-62.03
614,0.4,0.67,2-Butanol,-62.06
615,0.4,0.67,2-Butanol,-77.14
616,0.5,0.67,2-Butanol,-77.12
617,0.5,0.67,2-Butanol,-90.14
618,0.6,0.67,2-Butanol,-93.95
619,0.6,0.67,2-Butanol,-105.24
620,0.2,0.67,2-Butanol,-33.08
621,0.2,0.67,2-Butanol,-48.11
622,0.3,0.67,2-Butanol,-47.17
623,0.3,0.67,2-Butanol,-62.03
624,0.4,0.67,2-Butanol,-61.91
625,0.4,0.67,2-Butanol,-76.65
626,0.5,0.67,2-Butanol,-76.94
627,0.5,0.67,2-Butanol,-89.64
628,0.6,0.67,2-Butanol,-93.07
629,0.6,0.67,2-Butanol,-103.93
630,0.2,0.67,2-Butanol,-33.24
631,0.2,0.67,2-Butanol,-47.89
632,0.3,0.67,2-Butanol,-47.07
633,0.3,0.67,2-Butanol,-62.04
634,0.4,0.67,2-Butanol,-60.93
635,0.4,0.67,2-Butanol,-75.29
636,0.5,0.67,2-Butanol,-75.37
637,0.5,0.67,2-Butanol,-87.8
638,0.6,0.67,2-Butanol,-91.04
639,0.6,0.67,2-Butanol,-101.96
640,0.2,0.67,2-Butanol,-33.97
641,0.2,0.67,2-Butanol,-47.36
642,0.3,0.67,2-Butanol,-47.83
643,0.3,0.67,2-Butanol,-61.44
644,0.4,0.67,2-Butanol,-60.91
645,0.4,0.67,2-Butanol,-72.88
646,0.5,0.67,2-Butanol,-75.2
647,0.5,0.67,2-Butanol,-85.82
648,0.6,0.67,2-Butanol,-89.76
649,0.6,0.67,2-Butanol,-99.85
650,0.2,0.67,2-propanol,-26.8
651,0.2,0.67,2-propanol,-35.6
652,0.3,0.67,2-propanol,-36.76
653,0.3,0.67,2-propanol,-45.27
654,0.4,0.67,2-propanol,-44.8
655,0.4,0.67,2-propanol,-53.48
656,0.5,0.67,2-propanol,-51.52
657,0.5,0.67,2-propanol,-59.54
658,0.6,0.67,2-propanol,-60.38
659,0.6,0.67,2-propanol,-67.51
660,0.2,0.67,2-propanol,-25.81
661,0.2,0.67,2-propanol,-34.7
662,0.3,0.67,2-propanol,-36.48
663,0.3,0.67,2-propanol,-45.64
664,0.4,0.67,2-propanol,-43.29
665,0.4,0.67,2-propanol,-51.95
666,0.5,0.67,2-propanol,-50.28
667,0.5,0.67,2-propanol,-58.17
668,0.6,0.67,2-propanol,-57.74
669,0.6,0.67,2-propanol,-65.2
670,0.2,0.67,2-propanol,-25.49
671,0.2,0.67,2-propanol,-34.16
672,0.3,0.67,2-propanol,-36.67
673,0.3,0.67,2-propanol,-45.47
674,0.4,0.67,2-propanol,-42.21
675,0.4,0.67,2-propanol,-50.9
676,0.5,0.67,2-propanol,-48.84
677,0.5,0.67,2-propanol,-56.82
678,0.6,0.67,2-propanol,-56.0
679,0.6,0.67,2-propanol,-63.28
680,0.2,0.67,2-propanol,-25.41
681,0.2,0.67,2-propanol,-34.22
682,0.3,0.67,2-propanol,-36.3
683,0.3,0.67,2-propanol,-45.23
684,0.4,0.67,2-propanol,-40.97
685,0.4,0.67,2-propanol,-49.57
686,0.5,0.67,2-propanol,-48.07
687,0.5,0.67,2-propanol,-55.73
688,0.6,0.67,2-propanol,-54.33
689,0.6,0.67,2-propanol,-61.54
690,0.2,0.67,2-propanol,-26.78
691,0.2,0.67,2-propanol,-33.71
692,0.3,0.67,2-propanol,-36.78
693,0.3,0.67,2-propanol,-44.76
694,0.4,0.67,2-propanol,-41.49
695,0.4,0.67,2-propanol,-48.17
696,0.5,0.67,2-propanol,-48.57
697,0.5,0.67,2-propanol,-54.13
698,0.6,0.67,2-propanol,-54.94
699,0.6,0.67,2-propanol,-60.11
700,0.2,0.67,1-isobutanol,-27.45
701,0.2,0.67,1-isobutanol,-40.42
702,0.3,0.67,1-isobutanol,-42.1
703,0.3,0.67,1-isobutanol,-56.14
704,0.4,0.67,1-isobutanol,-58.24
705,0.4,0.67,1-isobutanol,-72.12
706,0.5,0.67,1-isobutanol,-76.97
707,0.5,0.67,1-isobutanol,-90.61
708,0.6,0.67,1-isobutanol,-99.22
709,0.6,0.67,1-isobutanol,-112.17
710,0.2,0.67,1-isobutanol,-28.79
711,0.2,0.67,1-isobutanol,-41.95
712,0.3,0.67,1-isobutanol,-43.33
713,0.3,0.67,1-isobutanol,-56.89
714,0.4,0.67,1-isobutanol,-59.68
715,0.4,0.67,1-isobutanol,-73.88
716,0.5,0.67,1-isobutanol,-78.96
717,0.5,0.67,1-isobutanol,-93.1
718,0.6,0.67,1-isobutanol,-101.14
719,0.6,0.67,1-isobutanol,-114.64
720,0.2,0.67,1-isobutanol,-29.59
721,0.2,0.67,1-isobutanol,-42.61
722,0.3,0.67,1-isobutanol,-43.82
723,0.3,0.67,1-isobutanol,-57.46
724,0.4,0.67,1-isobutanol,-60.44
725,0.4,0.67,1-isobutanol,-74.61
726,0.5,0.67,1-isobutanol,-80.18
727,0.5,0.67,1-isobutanol,-94.38
728,0.6,0.67,1-isobutanol,-101.48
729,0.6,0.67,1-isobutanol,-115.36
730,0.2,0.67,1-isobutanol,-29.98
731,0.2,0.67,1-isobutanol,-42.7
732,0.3,0.67,1-isobutanol,-44.41
733,0.3,0.67,1-isobutanol,-57.8
734,0.4,0.67,1-isobutanol,-60.99
735,0.4,0.67,1-isobutanol,-75.15
736,0.5,0.67,1-isobutanol,-80.38
737,0.5,0.67,1-isobutanol,-94.5
738,0.6,0.67,1-isobutanol,-100.91
739,0.6,0.67,1-isobutanol,-114.82
740,0.2,0.67,1-isobutanol,-30.95
741,0.2,0.67,1-isobutanol,-42.82
742,0.3,0.67,1-isobutanol,-45.26
743,0.3,0.67,1-isobutanol,-57.19
744,0.4,0.67,1-isobutanol,-62.17
745,0.4,0.67,1-isobutanol,-75.36
746,0.5,0.67,1-isobutanol,-80.85
747,0.5,0.67,1-isobutanol,-93.97
748,0.6,0.67,1-isobutanol,-100.5
749,0.6,0.67,1-isobutanol,-113.82
750,0.2,0.33,1-Octanol,-11.98
751,0.2,0.33,1-Octanol,-10.99
752,0.3,0.33,1-Octanol,-19.12
753,0.3,0.33,1-Octanol,-17.28
754,0.4,0.33,1-Octanol,-33.13
755,0.4,0.33,1-Octanol,-28.45
756,0.5,0.33,1-Octanol,-48.83
757,0.5,0.33,1-Octanol,-40.77
758,0.6,0.33,1-Octanol,-62.49
759,0.6,0.33,1-Octanol,-50.82
760,0.2,0.33,1-Octanol,-12.15
761,0.2,0.33,1-Octanol,-11.33
762,0.3,0.33,1-Octanol,-22.33
763,0.3,0.33,1-Octanol,-19.95
764,0.4,0.33,1-Octanol,-39.82
765,0.4,0.33,1-Octanol,-33.64
766,0.5,0.33,1-Octanol,-56.9
767,0.5,0.33,1-Octanol,-46.77
768,0.6,0.33,1-Octanol,-73.32
769,0.6,0.33,1-Octanol,-58.96
770,0.2,0.33,1-Octanol,-12.58
771,0.2,0.33,1-Octanol,-11.74
772,0.3,0.33,1-Octanol,-26.67
773,0.3,0.33,1-Octanol,-23.34
774,0.4,0.33,1-Octanol,-46.48
775,0.4,0.33,1-Octanol,-38.69
776,0.5,0.33,1-Octanol,-65.95
777,0.5,0.33,1-Octanol,-53.46
778,0.6,0.33,1-Octanol,-84.53
779,0.6,0.33,1-Octanol,-67.21
780,0.2,0.33,1-Octanol,-13.79
781,0.2,0.33,1-Octanol,-12.82
782,0.3,0.33,1-Octanol,-30.56
783,0.3,0.33,1-Octanol,-26.18
784,0.4,0.33,1-Octanol,-52.3
785,0.4,0.33,1-Octanol,-42.98
786,0.5,0.33,1-Octanol,-73.81
787,0.5,0.33,1-Octanol,-59.19
788,0.6,0.33,1-Octanol,-94.41
789,0.6,0.33,1-Octanol,-74.4
790,0.2,0.33,1-Octanol,-15.73
791,0.2,0.33,1-Octanol,-13.87
792,0.3,0.33,1-Octanol,-34.54
793,0.3,0.33,1-Octanol,-28.65
794,0.4,0.33,1-Octanol,-57.44
795,0.4,0.33,1-Octanol,-46.26
796,0.5,0.33,1-Octanol,-80.37
797,0.5,0.33,1-Octanol,-63.49
798,0.6,0.33,1-Octanol,-102.94
799,0.6,0.33,1-Octanol,-80.25
800,0.2,0.33,1-Propanol,-58.41
801,0.2,0.33,1-Propanol,-38.66
802,0.3,0.33,1-Propanol,-83.58
803,0.3,0.33,1-Propanol,-57.33
804,0.4,0.33,1-Propanol,-110.24
805,0.4,0.33,1-Propanol,-76.8
806,0.5,0.33,1-Propanol,-133.77
807,0.5,0.33,1-Propanol,-96.13
808,0.6,0.33,1-Propanol,-171.05
809,0.6,0.33,1-Propanol,-124.15
810,0.2,0.33,1-Propanol,-59.68
811,0.2,0.33,1-Propanol,-40.01
812,0.3,0.33,1-Propanol,-84.75
813,0.3,0.33,1-Propanol,-58.75
814,0.4,0.33,1-Propanol,-109.91
815,0.4,0.33,1-Propanol,-77.28
816,0.5,0.33,1-Propanol,-130.65
817,0.5,0.33,1-Propanol,-94.69
818,0.6,0.33,1-Propanol,-161.81
819,0.6,0.33,1-Propanol,-118.7
820,0.2,0.33,1-Propanol,-60.12
821,0.2,0.33,1-Propanol,-40.73
822,0.3,0.33,1-Propanol,-85.19
823,0.3,0.33,1-Propanol,-59.47
824,0.4,0.33,1-Propanol,-108.08
825,0.4,0.33,1-Propanol,-76.43
826,0.5,0.33,1-Propanol,-127.51
827,0.5,0.33,1-Propanol,-92.88
828,0.6,0.33,1-Propanol,-155.54
829,0.6,0.33,1-Propanol,-114.76
830,0.2,0.33,1-Propanol,-60.41
831,0.2,0.33,1-Propanol,-41.2
832,0.3,0.33,1-Propanol,-84.73
833,0.3,0.33,1-Propanol,-59.31
834,0.4,0.33,1-Propanol,-106.46
835,0.4,0.33,1-Propanol,-75.39
836,0.5,0.33,1-Propanol,-124.62
837,0.5,0.33,1-Propanol,-90.88
838,0.6,0.33,1-Propanol,-151.56
839,0.6,0.33,1-Propanol,-112.58
840,0.2,0.33,1-Propanol,-60.87
841,0.2,0.33,1-Propanol,-39.88
842,0.3,0.33,1-Propanol,-84.22
843,0.3,0.33,1-Propanol,-57.58
844,0.4,0.33,1-Propanol,-105.32
845,0.4,0.33,1-Propanol,-73.36
846,0.5,0.33,1-Propanol,-122.59
847,0.5,0.33,1-Propanol,-88.28
848,0.6,0.33,1-Propanol,-146.99
849,0.6,0.33,1-Propanol,-109.52
850,0.2,0.33,2-Butanol,-59.41
851,0.2,0.33,2-Butanol,-61.86
852,0.3,0.33,2-Butanol,-91.65
853,0.3,0.33,2-Butanol,-81.02
854,0.4,0.33,2-Butanol,-131.05
855,0.4,0.33,2-Butanol,-105.51
856,0.5,0.33,2-Butanol,-165.68
857,0.5,0.33,2-Butanol,-126.3
858,0.6,0.33,2-Butanol,-207.16
859,0.6,0.33,2-Butanol,-153.44
860,0.2,0.33,2-Butanol,-61.16
861,0.2,0.33,2-Butanol,-62.92
862,0.3,0.33,2-Butanol,-93.55
863,0.3,0.33,2-Butanol,-82.39
864,0.4,0.33,2-Butanol,-133.11
865,0.4,0.33,2-Butanol,-107.27
866,0.5,0.33,2-Butanol,-168.62
867,0.5,0.33,2-Butanol,-128.94
868,0.6,0.33,2-Butanol,-210.85
869,0.6,0.33,2-Butanol,-157.01
870,0.2,0.33,2-Butanol,-61.8
871,0.2,0.33,2-Butanol,-62.99
872,0.3,0.33,2-Butanol,-94.15
873,0.3,0.33,2-Butanol,-82.45
874,0.4,0.33,2-Butanol,-133.24
875,0.4,0.33,2-Butanol,-107.15
876,0.5,0.33,2-Butanol,-165.33
877,0.5,0.33,2-Butanol,-126.55
878,0.6,0.33,2-Butanol,-204.6
879,0.6,0.33,2-Butanol,-152.81
880,0.2,0.33,2-Butanol,-61.94
881,0.2,0.33,2-Butanol,-62.78
882,0.3,0.33,2-Butanol,-94.46
883,0.3,0.33,2-Butanol,-82.39
884,0.4,0.33,2-Butanol,-131.54
885,0.4,0.33,2-Butanol,-105.6
886,0.5,0.33,2-Butanol,-160.74
887,0.5,0.33,2-Butanol,-123.08
888,0.6,0.33,2-Butanol,-195.49
889,0.6,0.33,2-Butanol,-146.26
890,0.2,0.33,2-Butanol,-62.34
891,0.2,0.33,2-Butanol,-61.87
892,0.3,0.33,2-Butanol,-95.09
893,0.3,0.33,2-Butanol,-81.53
894,0.4,0.33,2-Butanol,-128.23
895,0.4,0.33,2-Butanol,-102.05
896,0.5,0.33,2-Butanol,-156.31
897,0.5,0.33,2-Butanol,-119.71
898,0.6,0.33,2-Butanol,-187.95
899,0.6,0.33,2-Butanol,-140.79
900,0.2,0.33,2-propanol,-44.1
901,0.2,0.33,2-propanol,-35.02
902,0.3,0.33,2-propanol,-66.13
903,0.3,0.33,2-propanol,-50.43
904,0.4,0.33,2-propanol,-90.29
905,0.4,0.33,2-propanol,-68.0
906,0.5,0.33,2-propanol,-101.74
907,0.5,0.33,2-propanol,-76.53
908,0.6,0.33,2-propanol,-117.67
909,0.6,0.33,2-propanol,-88.63
910,0.2,0.33,2-propanol,-44.67
911,0.2,0.33,2-propanol,-35.39
912,0.3,0.33,2-propanol,-66.62
913,0.3,0.33,2-propanol,-50.84
914,0.4,0.33,2-propanol,-84.41
915,0.4,0.33,2-propanol,-63.94
916,0.5,0.33,2-propanol,-97.11
917,0.5,0.33,2-propanol,-73.35
918,0.6,0.33,2-propanol,-111.06
919,0.6,0.33,2-propanol,-83.98
920,0.2,0.33,2-propanol,-44.5
921,0.2,0.33,2-propanol,-35.27
922,0.3,0.33,2-propanol,-66.6
923,0.3,0.33,2-propanol,-50.98
924,0.4,0.33,2-propanol,-80.79
925,0.4,0.33,2-propanol,-61.24
926,0.5,0.33,2-propanol,-93.34
927,0.5,0.33,2-propanol,-70.67
928,0.6,0.33,2-propanol,-106.18
929,0.6,0.33,2-propanol,-80.45
930,0.2,0.33,2-propanol,-44.34
931,0.2,0.33,2-propanol,-34.97
932,0.3,0.33,2-propanol,-66.58
933,0.3,0.33,2-propanol,-50.93
934,0.4,0.33,2-propanol,-78.07
935,0.4,0.33,2-propanol,-59.27
936,0.5,0.33,2-propanol,-89.95
937,0.5,0.33,2-propanol,-68.18
938,0.6,0.33,2-propanol,-101.46
939,0.6,0.33,2-propanol,-77.06
940,0.2,0.33,2-propanol,-44.8
941,0.2,0.33,2-propanol,-35.17
942,0.3,0.33,2-propanol,-66.2
943,0.3,0.33,2-propanol,-50.42
944,0.4,0.33,2-propanol,-76.8
945,0.4,0.33,2-propanol,-58.26
946,0.5,0.33,2-propanol,-87.09
947,0.5,0.33,2-propanol,-65.55
948,0.6,0.33,2-propanol,-98.14
949,0.6,0.33,2-propanol,-73.89
950,0.2,0.33,1-isobutanol,-52.22
951,0.2,0.33,1-isobutanol,-41.67
952,0.3,0.33,1-isobutanol,-75.74
953,0.3,0.33,1-isobutanol,-57.7
954,0.4,0.33,1-isobutanol,-109.1
955,0.4,0.33,1-isobutanol,-83.42
956,0.5,0.33,1-isobutanol,-149.62
957,0.5,0.33,1-isobutanol,-114.96
958,0.6,0.33,1-isobutanol,-197.35
959,0.6,0.33,1-isobutanol,-151.92
960,0.2,0.33,1-isobutanol,-54.15
961,0.2,0.33,1-isobutanol,-42.91
962,0.3,0.33,1-isobutanol,-77.43
963,0.3,0.33,1-isobutanol,-59.33
964,0.4,0.33,1-isobutanol,-112.04
965,0.4,0.33,1-isobutanol,-86.16
966,0.5,0.33,1-isobutanol,-155.04
967,0.5,0.33,1-isobutanol,-119.56
968,0.6,0.33,1-isobutanol,-205.77
969,0.6,0.33,1-isobutanol,-159.3
970,0.2,0.33,1-isobutanol,-54.72
971,0.2,0.33,1-isobutanol,-43.04
972,0.3,0.33,1-isobutanol,-78.19
973,0.3,0.33,1-isobutanol,-60.05
974,0.4,0.33,1-isobutanol,-113.36
975,0.4,0.33,1-isobutanol,-87.5
976,0.5,0.33,1-isobutanol,-157.68
977,0.5,0.33,1-isobutanol,-121.95
978,0.6,0.33,1-isobutanol,-207.96
979,0.6,0.33,1-isobutanol,-161.6
980,0.2,0.33,1-isobutanol,-54.54
981,0.2,0.33,1-isobutanol,-42.61
982,0.3,0.33,1-isobutanol,-78.67
983,0.3,0.33,1-isobutanol,-60.59
984,0.4,0.33,1-isobutanol,-114.31
985,0.4,0.33,1-isobutanol,-88.44
986,0.5,0.33,1-isobutanol,-158.35
987,0.5,0.33,1-isobutanol,-122.77
988,0.6,0.33,1-isobutanol,-207.15
989,0.6,0.33,1-isobutanol,-161.37
990,0.2,0.33,1-isobutanol,-54.47
991,0.2,0.33,1-isobutanol,-41.87
992,0.3,0.33,1-isobutanol,-79.15
993,0.3,0.33,1-isobutanol,-60.58
994,0.4,0.33,1-isobutanol,-115.72
995,0.4,0.33,1-isobutanol,-89.26
996,0.5,0.33,1-isobutanol,-159.23
997,0.5,0.33,1-isobutanol,-122.95
998,0.6,0.33,1-isobutanol,-200.98
999,0.6,0.33,1-isobutanol,-157.18
1000,0.2,0.0,1-Octanol,-9.4
1001,0.2,0.0,1-Octanol,-7.95
1002,0.3,0.0,1-Octanol,-21.44
1003,0.3,0.0,1-Octanol,-17.46
1004,0.4,0.0,1-Octanol,-34.39
1005,0.4,0.0,1-Octanol,-27.35
1006,0.5,0.0,1-Octanol,-48.61
1007,0.5,0.0,1-Octanol,-39.91
1008,0.6,0.0,1-Octanol,-63.62
1009,0.6,0.0,1-Octanol,-53.14
1010,0.2,0.0,1-Octanol,-13.18
1011,0.2,0.0,1-Octanol,-12.01
1012,0.3,0.0,1-Octanol,-26.46
1013,0.3,0.0,1-Octanol,-22.75
1014,0.4,0.0,1-Octanol,-41.48
1015,0.4,0.0,1-Octanol,-34.6
1016,0.5,0.0,1-Octanol,-56.74
1017,0.5,0.0,1-Octanol,-48.68
1018,0.6,0.0,1-Octanol,-73.45
1019,0.6,0.0,1-Octanol,-63.17
1020,0.2,0.0,1-Octanol,-18.61
1021,0.2,0.0,1-Octanol,-16.29
1022,0.3,0.0,1-Octanol,-32.84
1023,0.3,0.0,1-Octanol,-28.72
1024,0.4,0.0,1-Octanol,-49.32
1025,0.4,0.0,1-Octanol,-42.29
1026,0.5,0.0,1-Octanol,-65.87
1027,0.5,0.0,1-Octanol,-57.89
1028,0.6,0.0,1-Octanol,-84.45
1029,0.6,0.0,1-Octanol,-73.99
1030,0.2,0.0,1-Octanol,-21.88
1031,0.2,0.0,1-Octanol,-19.81
1032,0.3,0.0,1-Octanol,-38.18
1033,0.3,0.0,1-Octanol,-33.77
1034,0.4,0.0,1-Octanol,-56.27
1035,0.4,0.0,1-Octanol,-48.93
1036,0.5,0.0,1-Octanol,-74.09
1037,0.5,0.0,1-Octanol,-65.99
1038,0.6,0.0,1-Octanol,-92.61
1039,0.6,0.0,1-Octanol,-83.37
1040,0.2,0.0,1-Octanol,-24.84
1041,0.2,0.0,1-Octanol,-22.36
1042,0.3,0.0,1-Octanol,-42.61
1043,0.3,0.0,1-Octanol,-37.94
1044,0.4,0.0,1-Octanol,-60.47
1045,0.4,0.0,1-Octanol,-53.86
1046,0.5,0.0,1-Octanol,-80.67
1047,0.5,0.0,1-Octanol,-72.62
1048,0.6,0.0,1-Octanol,-101.14
1049,0.6,0.0,1-Octanol,-91.33
1050,0.2,0.0,1-Propanol,-48.45
1051,0.2,0.0,1-Propanol,-56.17
1052,0.3,0.0,1-Propanol,-94.77
1053,0.3,0.0,1-Propanol,-87.56
1054,0.4,0.0,1-Propanol,-144.2
1055,0.4,0.0,1-Propanol,-125.19
1056,0.5,0.0,1-Propanol,-203.85
1057,0.5,0.0,1-Propanol,-167.42
1058,0.6,0.0,1-Propanol,-263.8
1059,0.6,0.0,1-Propanol,-218.03
1060,0.2,0.0,1-Propanol,-52.71
1061,0.2,0.0,1-Propanol,-59.26
1062,0.3,0.0,1-Propanol,-98.57
1063,0.3,0.0,1-Propanol,-89.2
1064,0.4,0.0,1-Propanol,-149.15
1065,0.4,0.0,1-Propanol,-126.75
1066,0.5,0.0,1-Propanol,-206.98
1067,0.5,0.0,1-Propanol,-169.59
1068,0.6,0.0,1-Propanol,-269.29
1069,0.6,0.0,1-Propanol,-220.77
1070,0.2,0.0,1-Propanol,-57.09
1071,0.2,0.0,1-Propanol,-60.88
1072,0.3,0.0,1-Propanol,-100.87
1073,0.3,0.0,1-Propanol,-90.63
1074,0.4,0.0,1-Propanol,-153.09
1075,0.4,0.0,1-Propanol,-127.88
1076,0.5,0.0,1-Propanol,-210.05
1077,0.5,0.0,1-Propanol,-170.99
1078,0.6,0.0,1-Propanol,-274.14
1079,0.6,0.0,1-Propanol,-222.0
1080,0.2,0.0,1-Propanol,-60.23
1081,0.2,0.0,1-Propanol,-61.76
1082,0.3,0.0,1-Propanol,-106.92
1083,0.3,0.0,1-Propanol,-91.52
1084,0.4,0.0,1-Propanol,-157.94
1085,0.4,0.0,1-Propanol,-128.49
1086,0.5,0.0,1-Propanol,-210.78
1087,0.5,0.0,1-Propanol,-171.39
1088,0.6,0.0,1-Propanol,-274.14
1089,0.6,0.0,1-Propanol,-221.0
1090,0.2,0.0,1-Propanol,-62.88
1091,0.2,0.0,1-Propanol,-62.89
1092,0.3,0.0,1-Propanol,-108.56
1093,0.3,0.0,1-Propanol,-93.26
1094,0.4,0.0,1-Propanol,-157.61
1095,0.4,0.0,1-Propanol,-129.42
1096,0.5,0.0,1-Propanol,-214.45
1097,0.5,0.0,1-Propanol,-171.58
1098,0.6,0.0,1-Propanol,-277.29
1099,0.6,0.0,1-Propanol,-219.58
1100,0.2,0.0,2-Butanol,-62.12
1101,0.2,0.0,2-Butanol,-65.95
1102,0.3,0.0,2-Butanol,-111.79
1103,0.3,0.0,2-Butanol,-109.16
1104,0.4,0.0,2-Butanol,-171.12
1105,0.4,0.0,2-Butanol,-155.86
1106,0.5,0.0,2-Butanol,-223.76
1107,0.5,0.0,2-Butanol,-209.93
1108,0.6,0.0,2-Butanol,-288.01
1109,0.6,0.0,2-Butanol,-269.96
1110,0.2,0.0,2-Butanol,-74.65
1111,0.2,0.0,2-Butanol,-68.38
1112,0.3,0.0,2-Butanol,-116.27
1113,0.3,0.0,2-Butanol,-109.51
1114,0.4,0.0,2-Butanol,-173.44
1115,0.4,0.0,2-Butanol,-157.52
1116,0.5,0.0,2-Butanol,-228.82
1117,0.5,0.0,2-Butanol,-212.0
1118,0.6,0.0,2-Butanol,-292.81
1119,0.6,0.0,2-Butanol,-272.04
1120,0.2,0.0,2-Butanol,-80.61
1121,0.2,0.0,2-Butanol,-69.71
1122,0.3,0.0,2-Butanol,-119.26
1123,0.3,0.0,2-Butanol,-110.41
1124,0.4,0.0,2-Butanol,-175.38
1125,0.4,0.0,2-Butanol,-158.87
1126,0.5,0.0,2-Butanol,-231.08
1127,0.5,0.0,2-Butanol,-213.05
1128,0.6,0.0,2-Butanol,-296.68
1129,0.6,0.0,2-Butanol,-271.47
1130,0.2,0.0,2-Butanol,-81.01
1131,0.2,0.0,2-Butanol,-70.72
1132,0.3,0.0,2-Butanol,-126.52
1133,0.3,0.0,2-Butanol,-110.98
1134,0.4,0.0,2-Butanol,-183.94
1135,0.4,0.0,2-Butanol,-159.84
1136,0.5,0.0,2-Butanol,-230.44
1137,0.5,0.0,2-Butanol,-213.17
1138,0.6,0.0,2-Butanol,-294.04
1139,0.6,0.0,2-Butanol,-269.0
1140,0.2,0.0,2-Butanol,-86.34
1141,0.2,0.0,2-Butanol,-71.04
1142,0.3,0.0,2-Butanol,-129.71
1143,0.3,0.0,2-Butanol,-112.33
1144,0.4,0.0,2-Butanol,-182.08
1145,0.4,0.0,2-Butanol,-160.74
1146,0.5,0.0,2-Butanol,-229.94
1147,0.5,0.0,2-Butanol,-211.24
1148,0.6,0.0,2-Butanol,-294.2
1149,0.6,0.0,2-Butanol,-266.83
1150,0.2,0.0,2-propanol,-60.65
1151,0.2,0.0,2-propanol,-56.38
1152,0.3,0.0,2-propanol,-105.31
1153,0.3,0.0,2-propanol,-86.28
1154,0.4,0.0,2-propanol,-148.3
1155,0.4,0.0,2-propanol,-117.76
1156,0.5,0.0,2-propanol,-180.36
1157,0.5,0.0,2-propanol,-137.76
1158,0.6,0.0,2-propanol,-219.73
1159,0.6,0.0,2-propanol,-164.51
1160,0.2,0.0,2-propanol,-62.54
1161,0.2,0.0,2-propanol,-56.68
1162,0.3,0.0,2-propanol,-104.33
1163,0.3,0.0,2-propanol,-85.74
1164,0.4,0.0,2-propanol,-147.54
1165,0.4,0.0,2-propanol,-114.04
1166,0.5,0.0,2-propanol,-182.08
1167,0.5,0.0,2-propanol,-133.1
1168,0.6,0.0,2-propanol,-217.25
1169,0.6,0.0,2-propanol,-159.49
1170,0.2,0.0,2-propanol,-66.37
1171,0.2,0.0,2-propanol,-57.25
1172,0.3,0.0,2-propanol,-104.69
1173,0.3,0.0,2-propanol,-85.93
1174,0.4,0.0,2-propanol,-150.89
1175,0.4,0.0,2-propanol,-109.68
1176,0.5,0.0,2-propanol,-178.98
1177,0.5,0.0,2-propanol,-129.79
1178,0.6,0.0,2-propanol,-211.37
1179,0.6,0.0,2-propanol,-155.89
1180,0.2,0.0,2-propanol,-69.99
1181,0.2,0.0,2-propanol,-57.49
1182,0.3,0.0,2-propanol,-109.66
1183,0.3,0.0,2-propanol,-86.03
1184,0.4,0.0,2-propanol,-149.9
1185,0.4,0.0,2-propanol,-106.5
1186,0.5,0.0,2-propanol,-186.32
1187,0.5,0.0,2-propanol,-127.54
1188,0.6,0.0,2-propanol,-213.69
1189,0.6,0.0,2-propanol,-153.26
1190,0.2,0.0,2-propanol,-69.99
1191,0.2,0.0,2-propanol,-58.49
1192,0.3,0.0,2-propanol,-110.79
1193,0.3,0.0,2-propanol,-86.69
1194,0.4,0.0,2-propanol,-153.44
1195,0.4,0.0,2-propanol,-104.72
1196,0.5,0.0,2-propanol,-183.04
1197,0.5,0.0,2-propanol,-126.16
1198,0.6,0.0,2-propanol,-210.51
1199,0.6,0.0,2-propanol,-150.14
1200,0.2,0.0,1-isobutanol,-54.35
1201,0.2,0.0,1-isobutanol,-56.09
1202,0.3,0.0,1-isobutanol,-88.23
1203,0.3,0.0,1-isobutanol,-90.54
1204,0.4,0.0,1-isobutanol,-128.65
1205,0.4,0.0,1-isobutanol,-132.19
1206,0.5,0.0,1-isobutanol,-173.71
1207,0.5,0.0,1-isobutanol,-179.36
1208,0.6,0.0,1-isobutanol,-231.3
1209,0.6,0.0,1-isobutanol,-239.19
1210,0.2,0.0,1-isobutanol,-56.14
1211,0.2,0.0,1-isobutanol,-57.35
1212,0.3,0.0,1-isobutanol,-90.74
1213,0.3,0.0,1-isobutanol,-92.6
1214,0.4,0.0,1-isobutanol,-132.16
1215,0.4,0.0,1-isobutanol,-135.36
1216,0.5,0.0,1-isobutanol,-178.79
1217,0.5,0.0,1-isobutanol,-183.93
1218,0.6,0.0,1-isobutanol,-239.06
1219,0.6,0.0,1-isobutanol,-246.53
1220,0.2,0.0,1-isobutanol,-57.71
1221,0.2,0.0,1-isobutanol,-58.37
1222,0.3,0.0,1-isobutanol,-92.83
1223,0.3,0.0,1-isobutanol,-93.91
1224,0.4,0.0,1-isobutanol,-134.83
1225,0.4,0.0,1-isobutanol,-137.56
1226,0.5,0.0,1-isobutanol,-182.33
1227,0.5,0.0,1-isobutanol,-187.16
1228,0.6,0.0,1-isobutanol,-243.12
1229,0.6,0.0,1-isobutanol,-250.3
1230,0.2,0.0,1-isobutanol,-58.36
1231,0.2,0.0,1-isobutanol,-58.92
1232,0.3,0.0,1-isobutanol,-94.31
1233,0.3,0.0,1-isobutanol,-95.13
1234,0.4,0.0,1-isobutanol,-136.44
1235,0.4,0.0,1-isobutanol,-138.96
1236,0.5,0.0,1-isobutanol,-184.7
1237,0.5,0.0,1-isobutanol,-189.32
1238,0.6,0.0,1-isobutanol,-246.15
1239,0.6,0.0,1-isobutanol,-252.8
1240,0.2,0.0,1-isobutanol,-59.0
1241,0.2,0.0,1-isobutanol,-59.26
1242,0.3,0.0,1-isobutanol,-94.97
1243,0.3,0.0,1-isobutanol,-95.51
1244,0.4,0.0,1-isobutanol,-137.28
1245,0.4,0.0,1-isobutanol,-139.36
1246,0.5,0.0,1-isobutanol,-186.98
1247,0.5,0.0,1-isobutanol,-191.19
1248,0.6,0.0,1-isobutanol,-248.98
1249,0.6,0.0,1-isobutanol,-255.23
